<?xml version="1.0" encoding="UTF-8"?>
<bookmarks>
	<bookmark index="1">
		<name>Mishkal: Arabic Text Vocalization</name>
		<desc>مشكال لتشكيل النصوص العربية</desc>
		<address>http://sourceforge.net/projects/mishkal/</address>
		<tags>arabic free language link opensource software</tags>
		<dateadded>1344011184654</dateadded>
		<datemodified>1348776956940</datemodified>
	</bookmark>
	<bookmark index="2">
		<name>Yes You Can</name>
		<desc>فيدو مميز عن القراءة</desc>
		<address>https://www.youtube.com/watch?v=vo_zO_iwjSo</address>
		<tags>books inspiring link video youtube</tags>
		<dateadded>1343746408923</dateadded>
		<datemodified>1348613965325</datemodified>
	</bookmark>
	<bookmark index="3">
		<name>مكتبة القرطاس</name>
		<desc>برنامج مجاني مفتوح تعمل على جميع أنظمة التشغيل لينكس او وندوز أو ماك تتيح لك مطالعة الكتب و تحريرها كما يمكنك إضافة كتب جديدة</desc>
		<address>http://sourceforge.net/projects/elkirtasse/</address>
		<tags>free islamic link opensource organize software</tags>
		<dateadded>1343919044665</dateadded>
		<datemodified>1348613704212</datemodified>
	</bookmark>
	<bookmark index="4">
		<name>Wt (Witty)</name>
		<desc>Wt (pronounced as witty) is a C++ library for developing web applications</desc>
		<address>http://www.webtoolkit.eu/wt</address>
		<tags>c++ development framework free link opensource software web</tags>
		<dateadded>1343892976800</dateadded>
		<datemodified>1343892976800</datemodified>
	</bookmark>
	<bookmark index="5">
		<name>WinMTR Portable</name>
		<desc>WinMTR is a visual network diagnostic tool combining the functionality of tracert and ping</desc>
		<address>http://portableapps.com/apps/utilities/winmtr_portable</address>
		<tags>free internet link opensource portable software</tags>
		<dateadded>1343987091749</dateadded>
		<datemodified>1343987123250</datemodified>
	</bookmark>
	<bookmark index="6">
		<name>Win Toolbox</name>
		<desc>Windows Toolbox is the swiss army knives of utility program's.</desc>
		<address>http://users.adam.com.au/paulwh/WinToolBox.html</address>
		<tags>free link software suite utility</tags>
		<dateadded>1343919304354</dateadded>
		<datemodified>1343919304354</datemodified>
	</bookmark>
	<bookmark index="7">
		<name>WinDirStat</name>
		<desc>WinDirStat is a disk usage statistics viewer and cleanup tool for various versions of Microsoft Windows</desc>
		<address>http://windirstat.info/</address>
		<tags>filemanager free link opensource software</tags>
		<dateadded>1343916942586</dateadded>
		<datemodified>1343916942586</datemodified>
	</bookmark>
	<bookmark index="8">
		<name>WinDirStat Portable</name>
		<desc>WinDirStat is a disk usage statistics viewer and cleanup tool for various versions of Microsoft Windows</desc>
		<address>http://portableapps.com/apps/utilities/windirstat_portable/</address>
		<tags>filemanager free link opensource software</tags>
		<dateadded>1343917066200</dateadded>
		<datemodified>1343917081940</datemodified>
	</bookmark>
	<bookmark index="9">
		<name>TEDxRainier - Joe Justice - WikiSpeed</name>
		<desc>WikiSpeed</desc>
		<address>https://www.youtube.com/watch?v=x8jdx-lf2Dw</address>
		<tags>creative idea inspiring link talk tedx video youtube</tags>
		<dateadded>1343760743689</dateadded>
		<datemodified>1343760743689</datemodified>
	</bookmark>
	<bookmark index="10">
		<name>junior software engineer skills</name>
		<desc>Which skills would you expect and appreciate in a junior software engineer?</desc>
		<address>http://programmers.stackexchange.com/questions/48100/which-skills-would-you-expect-and-appreciate-in-a-junior-software-engineer</address>
		<tags>article development engineer link programming question software stackoverflow</tags>
		<dateadded>1343232415396</dateadded>
		<datemodified>1343232543590</datemodified>
	</bookmark>
	<bookmark index="11">
		<name>Casting best practises</name>
		<desc>When should static-cast dynamic-cast and reinterpret-cast be used?</desc>
		<address>http://stackoverflow.com/questions/332030/when-should-static-cast-dynamic-cast-and-reinterpret-cast-be-used</address>
		<tags>article link programming question stackoverflow</tags>
		<dateadded>1343232487537</dateadded>
		<datemodified>1343232487537</datemodified>
	</bookmark>
	<bookmark index="12">
		<name>WhatFormat</name>
		<desc>WhatFormat is a file analyser (or file analyzer) that looks at these bytes for signatures (magic numbers) and makes a guess of the format this file may have.</desc>
		<address>http://www.jozy.nl/whatfmt.html</address>
		<tags>filemanager link software</tags>
		<dateadded>1343916795435</dateadded>
		<datemodified>1343916795435</datemodified>
	</bookmark>
	<bookmark index="13">
		<name>OpenedFilesView</name>
		<desc>View opened/locked files in your system (sharing violation issues)</desc>
		<address>http://www.nirsoft.net/utils/opened_files_view.html</address>
		<tags>free link maintenance software</tags>
		<dateadded>1343992155242</dateadded>
		<datemodified>1343992155242</datemodified>
	</bookmark>
	<bookmark index="14">
		<name>MakeInstantPlayer</name>
		<desc>Tool for creating self-running video files, based on the MPlayer engine.</desc>
		<address>http://mulder.brhack.net/#instplay</address>
		<tags>design free link multimedia opensource software video</tags>
		<dateadded>1343999775203</dateadded>
		<datemodified>1343999775203</datemodified>
	</bookmark>
	<bookmark index="15">
		<name>ntouch - dtouch</name>
		<desc>This utility can be used to modify time stamps of files and directories. dtouch is the companion of ntouch to add or remove a specified time span to or from time stamps of files and directories</desc>
		<address>http://www.flos-freeware.ch/archive.html</address>
		<tags>filemanager free link opensource software utility</tags>
		<dateadded>1343915115057</dateadded>
		<datemodified>1343915192555</datemodified>
	</bookmark>
	<bookmark index="16">
		<name>UserMonitor</name>
		<desc>This classroom and computer lab software is perfect for teachers, instructors or administrators.</desc>
		<address>http://www.neuber.com/usermonitor/index.html</address>
		<tags>desktop free link monitor software</tags>
		<dateadded>1344019340805</dateadded>
		<datemodified>1344019340805</datemodified>
	</bookmark>
	<bookmark index="17">
		<name>Mozilla Thimble</name>
		<desc>Thimble makes it ridiculously simple to create your own web pages. Write and edit HTML and CSS right in your browser. Instantly preview your work. Then host and share your finished pages with a single click.</desc>
		<address>https://thimble.webmaker.org/en-US/</address>
		<tags>css design development free html link programming webservice</tags>
		<dateadded>1348553100699</dateadded>
		<datemodified>1348553193456</datemodified>
	</bookmark>
	<bookmark index="18">
		<name>FutureICT</name>
		<desc>The ultimate goal of the FuturICT flagship project is to understand and manage complex, global, socially interactive systems, with a focus on sustainability and resilience.</desc>
		<address>http://www.futurict.eu/</address>
		<tags>idea link visualization</tags>
		<dateadded>1343756045045</dateadded>
		<datemodified>1343756045045</datemodified>
	</bookmark>
	<bookmark index="19">
		<name>TightProjector</name>
		<desc>the screen of a particular Windows computer to other computers in the same local-area network</desc>
		<address>http://www.tightvnc.com/projector/</address>
		<tags>education internet link software</tags>
		<dateadded>1344078912240</dateadded>
		<datemodified>1344078912240</datemodified>
	</bookmark>
	<bookmark index="20">
		<name>PosteRazor</name>
		<desc>The PosteRazor cuts a raster image into pieces which can afterwards be printed out and assembled to a poster.</desc>
		<address>http://posterazor.sourceforge.net/</address>
		<tags>editor free graphics link opensource software</tags>
		<dateadded>1343928066260</dateadded>
		<datemodified>1343928066260</datemodified>
	</bookmark>
	<bookmark index="21">
		<name>Open Toolkit</name>
		<desc>The Open Toolkit is an advanced, low-level C# library that wraps OpenGL, OpenCL and OpenAL.</desc>
		<address>http://www.opentk.com/</address>
		<tags>3d development free library link opengl opensource software</tags>
		<dateadded>1343891926950</dateadded>
		<datemodified>1343891926950</datemodified>
	</bookmark>
	<bookmark index="22">
		<name>Code::Blocks</name>
		<desc>The open source, cross platform, free C++ IDE.</desc>
		<address>http://www.codeblocks.org/</address>
		<tags>c++ development free ide link opensource software</tags>
		<dateadded>1343894475362</dateadded>
		<datemodified>1343894475362</datemodified>
	</bookmark>
	<bookmark index="23">
		<name>MeGUI</name>
		<desc>the most comprehensive GUI based ISO MPEG-4 solution</desc>
		<address>http://mewiki.project357.com/wiki/Main_Page</address>
		<tags>editor free link multimedia opensource rip software video</tags>
		<dateadded>1343997335981</dateadded>
		<datemodified>1343997409331</datemodified>
	</bookmark>
	<bookmark index="24">
		<name>Proxifier</name>
		<desc>The most advanced proxy client</desc>
		<address>http://www.proxifier.com/</address>
		<tags>internet link proxy software</tags>
		<dateadded>1344036711339</dateadded>
		<datemodified>1344036711339</datemodified>
	</bookmark>
	<bookmark index="25">
		<name>image4j</name>
		<desc>The image4j library allows you to read and write certain image formats in 100% pure Java.</desc>
		<address>http://image4j.sourceforge.net/</address>
		<tags>development free image java library link opensource programming</tags>
		<dateadded>1348550116202</dateadded>
		<datemodified>1348550245083</datemodified>
	</bookmark>
</bookmarks>