"Name","Description","Address","Notes","Tags","Date Added","Date Modified"
"Mishkal: Arabic Text Vocalization","مشكال لتشكيل النصوص العربية","http://sourceforge.net/projects/mishkal/","","arabic free language link opensource software","1344011184654","1348776956940"
"Yes You Can","فيدو مميز عن القراءة","https://www.youtube.com/watch?v=vo_zO_iwjSo","","books inspiring link video youtube","1343746408923","1348613965325"
"مكتبة القرطاس","برنامج مجاني مفتوح تعمل على جميع أنظمة التشغيل لينكس او وندوز أو ماك تتيح لك مطالعة الكتب و تحريرها كما يمكنك إضافة كتب جديدة","http://sourceforge.net/projects/elkirtasse/","","free islamic link opensource organize software","1343919044665","1348613704212"
"Wt (Witty)","Wt (pronounced as witty) is a C++ library for developing web applications","http://www.webtoolkit.eu/wt","","c++ development framework free link opensource software web","1343892976800","1343892976800"
"WinMTR Portable","WinMTR is a visual network diagnostic tool combining the functionality of tracert and ping","http://portableapps.com/apps/utilities/winmtr_portable","","free internet link opensource portable software","1343987091749","1343987123250"
"Win Toolbox","Windows Toolbox is the swiss army knives of utility program's.","http://users.adam.com.au/paulwh/WinToolBox.html","","free link software suite utility","1343919304354","1343919304354"
"WinDirStat","WinDirStat is a disk usage statistics viewer and cleanup tool for various versions of Microsoft Windows","http://windirstat.info/","","filemanager free link opensource software","1343916942586","1343916942586"
"WinDirStat Portable","WinDirStat is a disk usage statistics viewer and cleanup tool for various versions of Microsoft Windows","http://portableapps.com/apps/utilities/windirstat_portable/","","filemanager free link opensource software","1343917066200","1343917081940"
"TEDxRainier - Joe Justice - WikiSpeed","WikiSpeed","https://www.youtube.com/watch?v=x8jdx-lf2Dw","","creative idea inspiring link talk tedx video youtube","1343760743689","1343760743689"
"junior software engineer skills","Which skills would you expect and appreciate in a junior software engineer?","http://programmers.stackexchange.com/questions/48100/which-skills-would-you-expect-and-appreciate-in-a-junior-software-engineer","","article development engineer link programming question software stackoverflow","1343232415396","1343232543590"
"Casting best practises","When should static-cast dynamic-cast and reinterpret-cast be used?","http://stackoverflow.com/questions/332030/when-should-static-cast-dynamic-cast-and-reinterpret-cast-be-used","","article link programming question stackoverflow","1343232487537","1343232487537"
"WhatFormat","WhatFormat is a file analyser (or file analyzer) that looks at these bytes for signatures (magic numbers) and makes a guess of the format this file may have.","http://www.jozy.nl/whatfmt.html","","filemanager link software","1343916795435","1343916795435"
"OpenedFilesView","View opened/locked files in your system (sharing violation issues)","http://www.nirsoft.net/utils/opened_files_view.html","","free link maintenance software","1343992155242","1343992155242"
"MakeInstantPlayer","Tool for creating self-running video files, based on the MPlayer engine.","http://mulder.brhack.net/#instplay","","design free link multimedia opensource software video","1343999775203","1343999775203"
"ntouch - dtouch","This utility can be used to modify time stamps of files and directories. dtouch is the companion of ntouch to add or remove a specified time span to or from time stamps of files and directories","http://www.flos-freeware.ch/archive.html","","filemanager free link opensource software utility","1343915115057","1343915192555"
"UserMonitor","This classroom and computer lab software is perfect for teachers, instructors or administrators.","http://www.neuber.com/usermonitor/index.html","","desktop free link monitor software","1344019340805","1344019340805"
"Mozilla Thimble","Thimble makes it ridiculously simple to create your own web pages. Write and edit HTML and CSS right in your browser. Instantly preview your work. Then host and share your finished pages with a single click.","https://thimble.webmaker.org/en-US/","","css design development free html link programming webservice","1348553100699","1348553193456"
"FutureICT","The ultimate goal of the FuturICT flagship project is to understand and manage complex, global, socially interactive systems, with a focus on sustainability and resilience.","http://www.futurict.eu/","","idea link visualization","1343756045045","1343756045045"
"TightProjector","the screen of a particular Windows computer to other computers in the same local-area network","http://www.tightvnc.com/projector/","","education internet link software","1344078912240","1344078912240"
"PosteRazor","The PosteRazor cuts a raster image into pieces which can afterwards be printed out and assembled to a poster.","http://posterazor.sourceforge.net/","","editor free graphics link opensource software","1343928066260","1343928066260"
"Open Toolkit","The Open Toolkit is an advanced, low-level C# library that wraps OpenGL, OpenCL and OpenAL.","http://www.opentk.com/","","3d development free library link opengl opensource software","1343891926950","1343891926950"
"Code::Blocks","The open source, cross platform, free C++ IDE.","http://www.codeblocks.org/","","c++ development free ide link opensource software","1343894475362","1343894475362"
"MeGUI","the most comprehensive GUI based ISO MPEG-4 solution","http://mewiki.project357.com/wiki/Main_Page","","editor free link multimedia opensource rip software video","1343997335981","1343997409331"
"Proxifier","The most advanced proxy client","http://www.proxifier.com/","","internet link proxy software","1344036711339","1344036711339"
"image4j","The image4j library allows you to read and write certain image formats in 100% pure Java.","http://image4j.sourceforge.net/","","development free image java library link opensource programming","1348550116202","1348550245083"
