<?xml version="1.0" encoding="UTF-8"?>
<xbel xmlns:dlcs="tag:jlc6@po.cwru.edu,2006-06-25:del.icio.us_NS">
  <title>Bookmarks!</title>
  <folder dlcs:isTag="false">
    <title>raw/direct del.icio.us tags</title>
    <folder>
      <title>Art</title>
      <bookmark href="http://www.deviantart.com/" dlcs:tag="Art" id="entry0">
        <title>deviantART: where ART meets application!</title>
      </bookmark>
    </folder>
    <folder>
      <title>BSD</title>
      <bookmark href="http://www.freebsd.org/" dlcs:tag="Software BSD distributions" id="entry1">
        <title>The FreeBSD Project</title>
      </bookmark>
    </folder>
    <folder>
      <title>CSAIL</title>
      <bookmark href="http://pdos.csail.mit.edu/" dlcs:tag="Computers research OS CSAIL" id="entry2">
        <title>Parallel and Distributed Operating Systems research group at MIT CSAIL</title>
      </bookmark>
    </folder>
    <folder>
      <title>Computers</title>
      <bookmark href="http://www.samspade.org/" dlcs:tag="Computers networking utility" id="entry3">
        <title>Sam Spade</title>
        <desc>Sam Spade provides a suite of network probing tools for manual, web-based use.</desc>
      </bookmark>
      <bookmark href="http://www.rinkworks.com/stupid/" dlcs:tag="Computers humor" id="entry4">
        <title>Computer Stupidities</title>
        <desc>"The following is a large collection of stories and anecdotes about clueless computer users."</desc>
      </bookmark>
      <bookmark href="http://www.rheingold.com/texts/tft/" dlcs:tag="Computers history" id="entry5">
        <title>Tools For Thought</title>
      </bookmark>
      <bookmark href="http://www.cdrfaq.org/" dlcs:tag="Computers hardware reference" id="entry6">
        <title>CD-Recordable FAQ</title>
        <desc>"This document attempts to answer Frequently Asked Questions about Compact Disc Recordable technology and related fields."</desc>
      </bookmark>
      <bookmark href="http://www.literateprogramming.com/" dlcs:tag="Computers software-engineering documentation list" id="entry7">
        <title>Literate Programming</title>
        <desc>This site gathers information and references about Literate Programming.</desc>
      </bookmark>
      <bookmark href="http://docbook.sourceforge.net/" dlcs:tag="Computers XML DocBook" id="entry8">
        <title>The DocBook Project</title>
        <desc>"The DocBook Project supports the open-source development of a variety of DocBook resources; in particular, the DocBook XSL stylesheets."</desc>
      </bookmark>
      <bookmark href="http://www.docbook.org/" dlcs:tag="Computers XML DocBook reference" id="entry9">
        <title>DocBook.org</title>
        <desc>"This is the official home page for DocBook: The Definitive Guide."</desc>
      </bookmark>
      <bookmark href="http://www.brpreiss.com/books/opus7/" dlcs:tag="Computers software-engineering python reference" id="entry10">
        <title>Data Structures and Algorithms with Object-Oriented Design Patterns in Python</title>
        <desc>"This book is about the fundamentals of data structures and algorithms...  The algorithms and data structures in the book are presented in the Python programming language."</desc>
      </bookmark>
      <bookmark href="http://www.softpanorama.org/" dlcs:tag="Computers list" id="entry11">
        <title>Softpanorama: (slightly skeptical)  Open Source Software Educational Society</title>
        <desc>"This is a self-education oriented CS site that contains resources for the independent study in computer science and programming."</desc>
      </bookmark>
      <bookmark href="http://www.osvdb.org/" dlcs:tag="Computers security" id="entry12">
        <title>The Open Source Vulnerability Database</title>
      </bookmark>
      <bookmark href="http://www.cve.mitre.org/" dlcs:tag="Computers security government" id="entry13">
        <title>Common Vulnerabilities and Exposures from MITRE</title>
        <desc>Common Vulnerabilities and Exposures (CVE) is a list of standardized names for vulnerabilities and other information security exposures..."</desc>
      </bookmark>
      <bookmark href="http://securityresponse.symantec.com/" dlcs:tag="Computers security news" id="entry14">
        <title>Symantec Security Response</title>
        <desc>"Security Response provides ... world-class analysis and protection from viruses, blended threats, security risks and vulnerabilities."</desc>
      </bookmark>
      <bookmark href="http://www.pkiforum.org/" dlcs:tag="Computers security cryptography" id="entry15">
        <title>OASIS PKI</title>
        <desc>"The OASIS PKI Member Section was established ... to foster support for standards-based, interoperable public-key infrastructure (PKI) as a foundation for secure transactions in e-business applications."</desc>
      </bookmark>
      <bookmark href="http://www.linuxsecurity.com/" dlcs:tag="Computers security news" id="entry16">
        <title>Linux Security</title>
        <desc>"The Central Voice for Linux and Open Source Security News"</desc>
      </bookmark>
      <bookmark href="http://www.infoworld.com/" dlcs:tag="Computers news" id="entry17">
        <title>InfoWorld</title>
        <desc>"Information Technology News, Computer Networking &amp; Security"</desc>
      </bookmark>
      <bookmark href="http://www.fcw.com/" dlcs:tag="Computers news government" id="entry18">
        <title>Federal Computer Week</title>
      </bookmark>
      <bookmark href="http://csrc.nist.gov/" dlcs:tag="Computers security government" id="entry19">
        <title>NIST Computer Security Resource Center</title>
      </bookmark>
      <bookmark href="http://www.cert.mil/" dlcs:tag="Computers security government" id="entry20">
        <title>Joint Task Force - Global Network Operations</title>
        <desc>"The JTF-GNO directs the operation and defense of the Global Information Grid across strategic, operational, and tactical boundaries in support of DoD’s full spectrum of war fighting, intelligence, and business operations."</desc>
      </bookmark>
      <bookmark href="http://www.wiretapped.net/" dlcs:tag="Computers security list" id="entry21">
        <title>Wiretapped</title>
        <desc>"Wiretapped is an archive of software and information covering the areas of host, network and information security, network operations, cryptography and privacy, among others."</desc>
      </bookmark>
      <bookmark href="http://world.std.com/~reinhold/diceware.html" dlcs:tag="Computers security utility" id="entry22">
        <title>The Diceware Passphrase Home Page</title>
        <desc>"This page offers a better way to create a strong, yet easy to remember passphrase for use with encryption and security programs."</desc>
      </bookmark>
      <bookmark href="http://www.iusmentis.com/" dlcs:tag="Computers law" id="entry23">
        <title>Ius mentis</title>
        <desc>'The purpose of iusmentis.com is, put briefly, "to explain the law to techies, and tech to laywers."'</desc>
      </bookmark>
      <bookmark href="http://www.securityfocus.com/" dlcs:tag="Computers security news daily" id="entry24">
        <title>SecurityFocus</title>
        <desc>"SecurityFocus is a vendor-neutral site that provides objective, timely and comprehensive security information to all members of the security community ..."</desc>
      </bookmark>
      <bookmark href="http://webster.cs.ucr.edu/" dlcs:tag="Computers software-engineering coding assembly" id="entry25">
        <title>Art of Assembly Language Programming and HLA by Randall Hyde</title>
      </bookmark>
      <bookmark href="http://www.tldp.org/HOWTO/Adv-Routing-HOWTO/index.html" dlcs:tag="Computers networking linux" id="entry26">
        <title>Linux Advanced Routing &amp; Traffic Control HOWTO</title>
      </bookmark>
      <bookmark href="http://www.kerneltrap.org/" dlcs:tag="Computers linux news" id="entry27">
        <title>KernelTrap</title>
        <desc>"KernelTrap is a web community devoted to sharing the latest in kernel development news."</desc>
      </bookmark>
      <bookmark href="http://lwn.net/" dlcs:tag="Computers news" id="entry28">
        <title>LWN.net</title>
        <desc>"LWN.net aims to be the premier news and information source for the free software community."</desc>
      </bookmark>
      <bookmark href="http://www.linuxmagazine.com/" dlcs:tag="Computers linux news" id="entry29">
        <title>Linux Magazine</title>
      </bookmark>
      <bookmark href="http://www.linux.org/" dlcs:tag="Computers linux portal" id="entry30">
        <title>The Linux Home Page at Linux Online</title>
      </bookmark>
      <bookmark href="http://www.linuxjournal.com/" dlcs:tag="Computers linux news" id="entry31">
        <title>Linux Journal</title>
        <desc>"The Original Monthly Magazine of the Linux Community"</desc>
      </bookmark>
      <bookmark href="http://www.linux-laptop.net/" dlcs:tag="Computers linux portal" id="entry32">
        <title>Linux on Laptops</title>
        <desc>This is "an index of information and documentation of interest to those who now use or are considering using Linux on a notebook or laptop computer."</desc>
      </bookmark>
      <bookmark href="http://www.ecst.csuchico.edu/~jacobsd/bib/formats/index.html" dlcs:tag="Computers bibliographies" id="entry33">
        <title>Bibliography Formats</title>
      </bookmark>
      <bookmark href="http://www.ipnsig.org/home.htm" dlcs:tag="Computers networking" id="entry34">
        <title>InterPlaNetary Internet Project</title>
        <desc>"The objective of [this] project is to define the architecture and protocols necessary to permit interoperation of the Internet resident on Earth with other remotely located internets resident on other planets or spacecraft in transit."</desc>
      </bookmark>
      <bookmark href="http://www.unicode.org/" dlcs:tag="Computers specifications" id="entry35">
        <title>Unicode Home Page</title>
      </bookmark>
      <bookmark href="http://www.semwebcentral.org/" dlcs:tag="Computers RDF" id="entry36">
        <title>SemWebCentral: Open Source Tools for the Semantic Web</title>
        <desc>"SemWebCentral is an Open Source development web site for the Semantic Web."</desc>
      </bookmark>
      <bookmark href="http://www.daml.org/" dlcs:tag="Computers RDF" id="entry37">
        <title>The DARPA Agent Markup Language (DAML) Homepage</title>
      </bookmark>
      <bookmark href="http://www.sagehill.net/docbookxsl/" dlcs:tag="Computers XML DocBook" id="entry38">
        <title>DocBook XSL: The Complete Guide</title>
        <desc>This is a thorough manual for using and customizing the DocBook XSL software.</desc>
      </bookmark>
      <bookmark href="http://stx.sourceforge.net/" dlcs:tag="Computers XML" id="entry39">
        <title>Streaming Transformations for XML (STX)</title>
      </bookmark>
      <bookmark href="http://www.xml.com/pub/a/2003/04/30/dsdl.html" dlcs:tag="Computers XML" id="entry40">
        <title>DSDL Interoperability Framework</title>
      </bookmark>
      <bookmark href="http://www.w3.org/TR/xml-pipeline/" dlcs:tag="Computers XML" id="entry41">
        <title>XML Pipeline Definition Language Version 1.0</title>
      </bookmark>
      <bookmark href="http://groups.yahoo.com/group/emacs-nxml-mode/message/259" dlcs:tag="Computers XML" id="entry42">
        <title>Document/schema association proposal</title>
        <desc>This is a message from James Clark describing a proposal for a language for associating an XML document with a schema.</desc>
      </bookmark>
      <bookmark href="http://kensall.com/big-picture/" dlcs:tag="Computers XML" id="entry43">
        <title>Big Picture of the XML Family of Specifications by Ken Sall</title>
        <desc>This is a graphical map depicting the various members of the XML family of specifications.</desc>
      </bookmark>
      <bookmark href="http://dublincore.org/" dlcs:tag="Computers web RDF" id="entry44">
        <title>Dublin Core Metadata Initiative</title>
        <desc>Dublic Core provides a set of RDF schemata for basic and broad concepts.</desc>
      </bookmark>
      <bookmark href="http://relaxng.org/" dlcs:tag="Computers XML" id="entry45">
        <title>RELAX NG</title>
        <desc>RELAX NG is a schema language for XML.</desc>
      </bookmark>
      <bookmark href="http://www.w3.org/TR/REC-xml/" dlcs:tag="Computers XML specifications" id="entry46">
        <title>Extensible Markup Language (XML) 1.0</title>
      </bookmark>
      <bookmark href="http://www-128.ibm.com/developerworks/xml/library/x-stand1.html" dlcs:tag="Computers XML" id="entry47">
        <title>Overview of XML specifications from Uche Ogbuji</title>
      </bookmark>
      <bookmark href="http://www.rpbourret.com/xml/XMLURLs.htm" dlcs:tag="Computers XML" id="entry48">
        <title>Index of XML resources from Ronald Bourret</title>
      </bookmark>
      <bookmark href="http://pdos.csail.mit.edu/" dlcs:aliasOf="entry2">
        <title>Parallel and Distributed Operating Systems research group at MIT CSAIL</title>
      </bookmark>
      <bookmark href="http://www.tldp.org/" dlcs:tag="Computers Documentation" id="entry49">
        <title>The Linux Documentation Project (TLDP)</title>
        <desc>TLDP organizes the development of a large body Freed Documentation about computing, and Linux in particular.</desc>
      </bookmark>
      <bookmark href="http://www.cisco.com/warp/public/556/nat-cisco.shtml" dlcs:tag="Computers networking NAT" id="entry50">
        <title>Cisco - How NAT Works</title>
      </bookmark>
      <bookmark href="http://www.acsac.org/" dlcs:tag="security Computers reference" id="entry51">
        <title>Applied Computer Security Associates (ACSA)</title>
        <desc>This is the ACSA website; it also covers their annual conference - the Annual Computer Security Applications Conference (ACSAC).  This website provides several good security resources and references.</desc>
      </bookmark>
      <bookmark href="http://www.macrumors.com/" dlcs:tag="apple Computers" id="entry52">
        <title>Mac Rumors: Apple Mac Rumors and News You Care About</title>
      </bookmark>
      <bookmark href="http://www.cl.cam.ac.uk/~mgk25/unicode.html" dlcs:tag="unicode Computers" id="entry53">
        <title>UTF-8 and Unicode FAQ for Unix/Linux</title>
      </bookmark>
    </folder>
    <folder>
      <title>Crafts</title>
      <bookmark href="http://www.freehomepages.com/jline/" dlcs:tag="Crafts paper-airplanes" id="entry54">
        <title>jline Paper Airplanes</title>
      </bookmark>
      <bookmark href="http://www.josephpalmer.com/planes/Airplane.shtml" dlcs:tag="Crafts paper-airplanes" id="entry55">
        <title>Joseph Palmer's Paper Airplanes</title>
      </bookmark>
      <bookmark href="http://www.zurqui.co.cr/crinfocus/paper/airplane.html" dlcs:tag="Crafts paper-airplanes" id="entry56">
        <title>Build the best paper airplane in the world!</title>
      </bookmark>
    </folder>
    <folder>
      <title>Dictionaries</title>
      <bookmark href="http://www.onelook.com/" dlcs:tag="utility Dictionaries" id="entry57">
        <title>OneLook</title>
        <desc>OneLook provides dictionary search across a number of online dictionaries, as well as a reverse dictionary (look up a word by its definition).</desc>
      </bookmark>
      <bookmark href="http://www.catb.org/jargon/" dlcs:tag="geek humor Dictionaries" id="entry58">
        <title>The Jargon File</title>
        <desc>The Jargon File is a collection of definitions of critical terms for geeks everywhere.</desc>
      </bookmark>
    </folder>
    <folder>
      <title>DocBook</title>
      <bookmark href="http://docbook.sourceforge.net/" dlcs:aliasOf="entry8">
        <title>The DocBook Project</title>
        <desc>"The DocBook Project supports the open-source development of a variety of DocBook resources; in particular, the DocBook XSL stylesheets."</desc>
      </bookmark>
      <bookmark href="http://www.docbook.org/" dlcs:aliasOf="entry9">
        <title>DocBook.org</title>
        <desc>"This is the official home page for DocBook: The Definitive Guide."</desc>
      </bookmark>
      <bookmark href="http://db2latex.sourceforge.net/" dlcs:tag="Software XML DocBook" id="entry59">
        <title>The DB2LaTeX XSL Stylesheets</title>
        <desc>"DB2LaTeX are a set of XSLT stylesheets which generate high level LaTeX2e from your docbook document."</desc>
      </bookmark>
      <bookmark href="http://www.sagehill.net/docbookxsl/" dlcs:aliasOf="entry38">
        <title>DocBook XSL: The Complete Guide</title>
        <desc>This is a thorough manual for using and customizing the DocBook XSL software.</desc>
      </bookmark>
    </folder>
    <folder>
      <title>Documentation</title>
      <bookmark href="http://www.tldp.org/" dlcs:aliasOf="entry49">
        <title>The Linux Documentation Project (TLDP)</title>
        <desc>TLDP organizes the development of a large body Freed Documentation about computing, and Linux in particular.</desc>
      </bookmark>
    </folder>
    <folder>
      <title>Entertainment</title>
      <bookmark href="http://www.thedigitalbits.com/" dlcs:tag="Entertainment reference" id="entry60">
        <title>The Digital Bits</title>
        <desc>News on movies, DVD releases, and related events.</desc>
      </bookmark>
      <bookmark href="http://www.thefutoncritic.com/" dlcs:tag="Entertainment television news" id="entry61">
        <title>the futon critic</title>
        <desc>"the web's best television resource"</desc>
      </bookmark>
    </folder>
    <folder>
      <title>Faith</title>
      <bookmark href="http://www.cyberhymnal.org/" dlcs:tag="Faith Music reference" id="entry62">
        <title>The Cyber Hymnal</title>
        <desc>"This site has over 5,800 Christian hymns &amp; Gospel songs from many denominations."</desc>
      </bookmark>
      <bookmark href="http://www.blueletterbible.org/" dlcs:tag="Faith reference" id="entry63">
        <title>Blue Letter Bible</title>
        <desc>The Blue Letter Bible provides online Biblical research tools.</desc>
      </bookmark>
      <bookmark href="http://www.newadvent.org/" dlcs:tag="Faith reference" id="entry64">
        <title>New Advent</title>
        <desc>New Advent provides access to an assortment of historical Christian writing as well as regularly updated news in an accessible manner.</desc>
      </bookmark>
      <bookmark href="http://www.americancatholic.org/" dlcs:tag="Faith news" id="entry65">
        <title>American Catholic</title>
      </bookmark>
      <bookmark href="http://www.vatican.va/" dlcs:tag="Faith reference" id="entry66">
        <title>Vatican: the Holy See</title>
      </bookmark>
      <bookmark href="http://www.catholic-pages.com/" dlcs:tag="Faith portal" id="entry67">
        <title>Catholic-Pages.com</title>
      </bookmark>
      <bookmark href="http://www.catholic.net/" dlcs:tag="Faith news" id="entry68">
        <title>Catholic.net</title>
      </bookmark>
      <bookmark href="http://www.usccb.org/" dlcs:tag="Faith reference" id="entry69">
        <title>United States Conference of Catholic Bishops</title>
        <desc>This site includes Catholic news and access to the Bible and the Catechism.</desc>
      </bookmark>
      <bookmark href="http://www.biblegateway.com/" dlcs:tag="Faith" id="entry70">
        <title>BibleGateway.com</title>
        <desc>"A searchable online Bible in over 35 languages and 50 versions."</desc>
      </bookmark>
      <bookmark href="http://www.universalis.com/" dlcs:tag="Faith prayer daily" id="entry71">
        <title>Universalis</title>
        <desc>This site organizes and presents the daily Liturgy of the Hours.</desc>
      </bookmark>
      <bookmark href="http://landru.i-link-2.net/shnyves/prayer.html" dlcs:tag="Faith prayer list" id="entry72">
        <title>Awaken to prayer: how to pray as a Catholic</title>
      </bookmark>
    </folder>
    <folder>
      <title>Music</title>
      <bookmark href="http://www.cyberhymnal.org/" dlcs:aliasOf="entry62">
        <title>The Cyber Hymnal</title>
        <desc>"This site has over 5,800 Christian hymns &amp; Gospel songs from many denominations."</desc>
      </bookmark>
    </folder>
    <folder>
      <title>NAT</title>
      <bookmark href="http://www.cisco.com/warp/public/556/nat-cisco.shtml" dlcs:aliasOf="entry50">
        <title>Cisco - How NAT Works</title>
      </bookmark>
    </folder>
    <folder>
      <title>OS</title>
      <bookmark href="http://pdos.csail.mit.edu/" dlcs:aliasOf="entry2">
        <title>Parallel and Distributed Operating Systems research group at MIT CSAIL</title>
      </bookmark>
    </folder>
    <folder>
      <title>RDF</title>
      <bookmark href="http://www.semwebcentral.org/" dlcs:aliasOf="entry36">
        <title>SemWebCentral: Open Source Tools for the Semantic Web</title>
        <desc>"SemWebCentral is an Open Source development web site for the Semantic Web."</desc>
      </bookmark>
      <bookmark href="http://www.daml.org/" dlcs:aliasOf="entry37">
        <title>The DARPA Agent Markup Language (DAML) Homepage</title>
      </bookmark>
      <bookmark href="http://www.w3.org/2001/11/IsaViz/" dlcs:tag="Software RDF" id="entry73">
        <title>IsaViz: A Visual Authoring Tool for RDF</title>
      </bookmark>
      <bookmark href="http://dublincore.org/" dlcs:aliasOf="entry44">
        <title>Dublin Core Metadata Initiative</title>
        <desc>Dublic Core provides a set of RDF schemata for basic and broad concepts.</desc>
      </bookmark>
      <bookmark href="http://dig.csail.mit.edu/breadcrumbs/blog/2" dlcs:tag="RDF personal" id="entry74">
        <title>Dan Connolly's web log</title>
        <desc>Dan Connolly discusses the Semantic Web and other Web Architectural issues.</desc>
      </bookmark>
      <bookmark href="http://www.schemaweb.info/" dlcs:tag="RDF" id="entry75">
        <title>SchemaWeb - RDF Schemas Directory</title>
      </bookmark>
      <bookmark href="http://rdfhomepage.opendfki.de/cgi-bin/trac.cgi" dlcs:tag="Software RDF queue" id="entry76">
        <title>RDFHomepage</title>
        <desc>RDFHomepage generates a web site from a set of RDF sources, including FOAF.</desc>
      </bookmark>
      <bookmark href="http://planetrdf.com/" dlcs:tag="news daily RDF" id="entry77">
        <title>Planet RDF</title>
        <desc>A collection of feeds from a variety of commentators on RDF-related issues.</desc>
      </bookmark>
    </folder>
    <folder>
      <title>SearchEngines</title>
      <bookmark href="http://www.google.com/" dlcs:tag="utility SearchEngines" id="entry78">
        <title>Google</title>
      </bookmark>
    </folder>
    <folder>
      <title>Software</title>
      <bookmark href="http://www.freebsd.org/" dlcs:aliasOf="entry1">
        <title>The FreeBSD Project</title>
      </bookmark>
      <bookmark href="http://www.openwall.com/" dlcs:tag="Software security" id="entry79">
        <title>Openwall Project</title>
        <desc>This is the home page of John the Ripper, Openwall GNU/*/Linux, and several other pieces of security-related software.</desc>
      </bookmark>
      <bookmark href="http://www.portknocking.org/" dlcs:tag="Software networking security" id="entry80">
        <title>Port Knocking</title>
        <desc>"a stealthy system for network authentication across closed ports"</desc>
      </bookmark>
      <bookmark href="http://www.insecure.org/" dlcs:tag="Software networking" id="entry81">
        <title>Insecure.org - The nmap homepage</title>
        <desc>"Nmap ("Network Mapper") is a free open source utility for network exploration or security auditing."</desc>
      </bookmark>
      <bookmark href="http://namesys.com/" dlcs:tag="Software storage linux" id="entry82">
        <title>NAMESYS</title>
        <desc>This is the homepage for ReiserFS and a number of other resources surrounding the technical aspects of naming and resource management.</desc>
      </bookmark>
      <bookmark href="http://divmod.org/trac" dlcs:tag="Software python" id="entry83">
        <title>Divmod</title>
      </bookmark>
      <bookmark href="http://lartc.org/wondershaper/" dlcs:tag="Software networking" id="entry84">
        <title>Wonder Shaper</title>
      </bookmark>
      <bookmark href="http://syslinux.zytor.com/" dlcs:tag="Software bootloader" id="entry85">
        <title>SYSLINUX</title>
        <desc>'The SYSLINUX Project covers lightweight bootloaders for floppy media (SYSLINUX), network booting (PXELINUX), and bootable "El Torito" CD-ROMs (ISOLINUX).'</desc>
      </bookmark>
      <bookmark href="http://www.procmail.org/" dlcs:tag="Software communication" id="entry86">
        <title>Procmail Homepage</title>
      </bookmark>
      <bookmark href="http://www.ctan.org/" dlcs:tag="Software typesetting" id="entry87">
        <title>Comprehensive TeX Archive Network (CTAN)</title>
        <desc>"The Comprehensive TeX Archive Network is the authoritative place to find TeX-related material for download."</desc>
      </bookmark>
      <bookmark href="http://www.personal.ceu.hu/tex/letters.htm" dlcs:tag="Software typesetting" id="entry88">
        <title>LaTeX Letter Format</title>
        <desc>"You can use LaTeX to typeset letters, both personal and business. The letter document style is designed to make a number of letters at once, although you can make just one if you so desire."</desc>
      </bookmark>
      <bookmark href="http://www.cse.ohio-state.edu/~gurari/TeX4ht/" dlcs:tag="Software typesetting" id="entry89">
        <title>TeX4ht: LaTeX and TeX for Hypertext</title>
        <desc>"TeX4ht is a highly conﬁgurable TeX-based authoring system for producing hypertext."</desc>
      </bookmark>
      <bookmark href="http://airsnort.shmoo.com/" dlcs:tag="Software networking wireless security" id="entry90">
        <title>AirSnort Homepage</title>
        <desc>"AirSnort is a wireless LAN (WLAN) tool which recovers encryption keys. AirSnort operates by passively monitoring transmissions, computing the encryption key when enough packets have been gathered."</desc>
      </bookmark>
      <bookmark href="http://www.kismetwireless.net/" dlcs:tag="Software networking wireless" id="entry91">
        <title>Kismet</title>
        <desc>"Kismet is an 802.11 layer2 wireless network detector, sniffer, and intrusion detection system."</desc>
      </bookmark>
      <bookmark href="http://www.wireshark.org/" dlcs:tag="Software security networking" id="entry92">
        <title>Wireshark</title>
        <desc>"Wireshark is one of the world's foremost network protocol analyzers ..."</desc>
      </bookmark>
      <bookmark href="http://linux-ha.org/" dlcs:tag="Software cluster" id="entry93">
        <title>The High-Availability Linux Project</title>
        <desc>"The basic goal of the High Availability Linux project is to provide a high-availability (clustering) solution for Linux which promotes reliability, availability, and serviceability (RAS) through a community development effort."</desc>
      </bookmark>
      <bookmark href="http://fuse.sourceforge.net/" dlcs:tag="Software storage" id="entry94">
        <title>FUSE: Filesystem in Userspace</title>
        <desc>"With FUSE it is possible to implement a fully functional filesystem in a userspace program."</desc>
      </bookmark>
      <bookmark href="http://www.gnupg.org/" dlcs:tag="Software security cryptography" id="entry95">
        <title>The GNU Privacy Guard</title>
        <desc>"GnuPG is the GNU project's complete and free implementation of the OpenPGP standard as defined by RFC2440."</desc>
      </bookmark>
      <bookmark href="http://www.vimoutliner.org/" dlcs:tag="Software VIM" id="entry96">
        <title>VimOutliner</title>
        <desc>"VimOutliner's purpose is to give Linux users a fast and productive outliner in a reasonable timeframe."</desc>
      </bookmark>
      <bookmark href="http://www.nessus.org/" dlcs:tag="Software security" id="entry97">
        <title>Nessus</title>
        <desc>"The 'Nessus' Project aims to provide to the Internet community a free, powerful, up-to-date and easy to use remote security scanner."</desc>
      </bookmark>
      <bookmark href="http://www.gentoo.org/proj/en/keychain/index.xml" dlcs:tag="Software security" id="entry98">
        <title>Keychain</title>
        <desc>"The keychain script makes handling RSA and DSA keys both convenient and secure. It acts as a front-end to ssh-agent, allowing you to easily have one long-running ssh-agent process per system, rather than per login session."</desc>
      </bookmark>
      <bookmark href="http://www.postgresql.org/" dlcs:tag="Software database storage" id="entry99">
        <title>PostgreSQL</title>
        <desc>"PostgreSQL is a powerful, open source relational database system."</desc>
      </bookmark>
      <bookmark href="http://sources.redhat.com/lvm2/" dlcs:tag="Software storage" id="entry100">
        <title>LVM2 Resource Page</title>
      </bookmark>
      <bookmark href="http://www.mosix.cs.huji.ac.il/" dlcs:tag="Software grid cluster" id="entry101">
        <title>MOSIX</title>
        <desc>"MOSIX is a management system that allows a Linux cluster or a Grid to perform like a single computer with multiple processors."</desc>
      </bookmark>
      <bookmark href="http://gaim.sourceforge.net/" dlcs:tag="Software communication" id="entry102">
        <title>Gaim</title>
        <desc>"Gaim is a multi-protocol instant messaging (IM) client for Linux, BSD, MacOS X, and Windows."</desc>
      </bookmark>
      <bookmark href="http://www.kernel.org/" dlcs:tag="Software linux" id="entry103">
        <title>The Linux Kernel Archives</title>
      </bookmark>
      <bookmark href="http://www.knoppix.net/" dlcs:tag="Software linux distributions" id="entry104">
        <title>Knoppix.net</title>
        <desc>"Knoppix.net is a resource for users, developers, and testers of Knoppix."</desc>
      </bookmark>
      <bookmark href="http://www.knopper.net/knoppix/index-en.html" dlcs:tag="Software linux distributions" id="entry105">
        <title>KNOPPIX</title>
        <desc>"KNOPPIX is a bootable Live system on CD or DVD, consisting of a representative collection of GNU/Linux software, automatic hardware detection, and support for many graphics cards, sound cards, SCSI and USB devices and other peripherals."</desc>
      </bookmark>
      <bookmark href="http://www.jabber.org/" dlcs:tag="Software communication" id="entry106">
        <title>Jabber</title>
        <desc>"Jabber: Open Instant Messaging and a Whole Lot More, Powered by XMPP"</desc>
      </bookmark>
      <bookmark href="http://www.1060.org/" dlcs:tag="Software XML web" id="entry107">
        <title>1060 NetKernel</title>
        <desc>1060 NetKernel is a resource oriented microkernel and RESTful application server created from the convergence and unification of the powerful fundamental concepts found in the World Wide Web and Unix.</desc>
      </bookmark>
      <bookmark href="http://db2latex.sourceforge.net/" dlcs:aliasOf="entry59">
        <title>The DB2LaTeX XSL Stylesheets</title>
        <desc>"DB2LaTeX are a set of XSLT stylesheets which generate high level LaTeX2e from your docbook document."</desc>
      </bookmark>
      <bookmark href="http://www.w3.org/2001/11/IsaViz/" dlcs:aliasOf="entry73">
        <title>IsaViz: A Visual Authoring Tool for RDF</title>
      </bookmark>
      <bookmark href="http://www.pinkjuice.com/howto/vimxml/index.xml" dlcs:tag="Software XML VIM" id="entry108">
        <title>Vim as XML Editor</title>
        <desc>"If Vim is your main text editor, and if you do a lot of XML editing, then this howto might help you to make that even more fun."</desc>
      </bookmark>
      <bookmark href="http://xmlresume.sourceforge.net/" dlcs:tag="Software XML" id="entry109">
        <title>The XML Résumé Library</title>
      </bookmark>
      <bookmark href="http://www.abiword.com/" dlcs:tag="Software word-processing nostalgia" id="entry110">
        <title>AbiWord</title>
        <desc>AbiWord is a Freed Software word-processing application.</desc>
      </bookmark>
      <bookmark href="http://pvs.csl.sri.com/" dlcs:tag="Software formal-methods" id="entry111">
        <title>PVS Specification and Verification System</title>
        <desc>"PVS is a verification system: that is, a specification language integrated with support tools and a theorem prover. It is intended to capture the state-of-the-art in mechanized formal methods ..."</desc>
      </bookmark>
      <bookmark href="http://freshmeat.net/" dlcs:tag="utility directory Software" id="entry112">
        <title>Freshmeat</title>
        <desc>Freshmeat is a software directory.</desc>
      </bookmark>
      <bookmark href="http://rdfhomepage.opendfki.de/cgi-bin/trac.cgi" dlcs:aliasOf="entry76">
        <title>RDFHomepage</title>
        <desc>RDFHomepage generates a web site from a set of RDF sources, including FOAF.</desc>
      </bookmark>
      <bookmark href="http://www.taskjuggler.org/" dlcs:tag="Software queue" id="entry113">
        <title>TaskJuggler: Project Manager's Delight</title>
        <desc>TaskJuggler is Free Software for managing time and effort allocations for project workflow.</desc>
      </bookmark>
      <bookmark href="http://www.xmlmind.com/xmleditor/" dlcs:tag="Software XML" id="entry114">
        <title>XMLmind XML Editor</title>
        <desc>This is the home page for the XMLmind XML Editor, which is a powerful, proprietary, general-purpose front-end for human editing of XML documents.  It provides a CSS-styled view of documents being edited.</desc>
      </bookmark>
      <bookmark href="http://www.inkscape.org/" dlcs:tag="Software" id="entry115">
        <title>Inkscape</title>
        <desc>This is the web site for Inkscape, a Free Software vector graphics utility.</desc>
      </bookmark>
      <bookmark href="http://subversion.tigris.org/" dlcs:tag="Software" id="entry116">
        <title>Subversion</title>
        <desc>Subversion is version control software that is similar to CVS in many concepts, but is easier and cleaner to use.</desc>
      </bookmark>
      <bookmark href="http://www.cis.upenn.edu/~bcpierce/unison/" dlcs:tag="Software backup" id="entry117">
        <title>Unison File Synchronizer</title>
        <desc>Unison is an excellent cross-platform backup and synchronization utility.</desc>
      </bookmark>
      <bookmark href="http://www.mutt.org/" dlcs:tag="Software communication" id="entry118">
        <title>The Mutt Email Client</title>
      </bookmark>
    </folder>
    <folder>
      <title>URI</title>
      <bookmark href="http://www.gbiv.com/protocols/uri/rfc/rfc3986.html" dlcs:tag="specifications URI" id="entry119">
        <title>[RFC 3986] Uniform Resource Identifier (URI): Generic Syntax</title>
        <desc>This document describes the general URI syntax.</desc>
      </bookmark>
    </folder>
    <folder>
      <title>VIM</title>
      <bookmark href="http://www.vimoutliner.org/" dlcs:aliasOf="entry96">
        <title>VimOutliner</title>
        <desc>"VimOutliner's purpose is to give Linux users a fast and productive outliner in a reasonable timeframe."</desc>
      </bookmark>
      <bookmark href="http://www.pinkjuice.com/howto/vimxml/index.xml" dlcs:aliasOf="entry108">
        <title>Vim as XML Editor</title>
        <desc>"If Vim is your main text editor, and if you do a lot of XML editing, then this howto might help you to make that even more fun."</desc>
      </bookmark>
    </folder>
    <folder>
      <title>XML</title>
      <bookmark href="http://docbook.sourceforge.net/" dlcs:aliasOf="entry8">
        <title>The DocBook Project</title>
        <desc>"The DocBook Project supports the open-source development of a variety of DocBook resources; in particular, the DocBook XSL stylesheets."</desc>
      </bookmark>
      <bookmark href="http://www.docbook.org/" dlcs:aliasOf="entry9">
        <title>DocBook.org</title>
        <desc>"This is the official home page for DocBook: The Definitive Guide."</desc>
      </bookmark>
      <bookmark href="http://www.1060.org/" dlcs:aliasOf="entry107">
        <title>1060 NetKernel</title>
        <desc>1060 NetKernel is a resource oriented microkernel and RESTful application server created from the convergence and unification of the powerful fundamental concepts found in the World Wide Web and Unix.</desc>
      </bookmark>
      <bookmark href="http://db2latex.sourceforge.net/" dlcs:aliasOf="entry59">
        <title>The DB2LaTeX XSL Stylesheets</title>
        <desc>"DB2LaTeX are a set of XSLT stylesheets which generate high level LaTeX2e from your docbook document."</desc>
      </bookmark>
      <bookmark href="http://www.sagehill.net/docbookxsl/" dlcs:aliasOf="entry38">
        <title>DocBook XSL: The Complete Guide</title>
        <desc>This is a thorough manual for using and customizing the DocBook XSL software.</desc>
      </bookmark>
      <bookmark href="http://stx.sourceforge.net/" dlcs:aliasOf="entry39">
        <title>Streaming Transformations for XML (STX)</title>
      </bookmark>
      <bookmark href="http://www.xml.com/pub/a/2003/04/30/dsdl.html" dlcs:aliasOf="entry40">
        <title>DSDL Interoperability Framework</title>
      </bookmark>
      <bookmark href="http://www.w3.org/TR/xml-pipeline/" dlcs:aliasOf="entry41">
        <title>XML Pipeline Definition Language Version 1.0</title>
      </bookmark>
      <bookmark href="http://groups.yahoo.com/group/emacs-nxml-mode/message/259" dlcs:aliasOf="entry42">
        <title>Document/schema association proposal</title>
        <desc>This is a message from James Clark describing a proposal for a language for associating an XML document with a schema.</desc>
      </bookmark>
      <bookmark href="http://kensall.com/big-picture/" dlcs:aliasOf="entry43">
        <title>Big Picture of the XML Family of Specifications by Ken Sall</title>
        <desc>This is a graphical map depicting the various members of the XML family of specifications.</desc>
      </bookmark>
      <bookmark href="http://www.pinkjuice.com/howto/vimxml/index.xml" dlcs:aliasOf="entry108">
        <title>Vim as XML Editor</title>
        <desc>"If Vim is your main text editor, and if you do a lot of XML editing, then this howto might help you to make that even more fun."</desc>
      </bookmark>
      <bookmark href="http://xmlresume.sourceforge.net/" dlcs:aliasOf="entry109">
        <title>The XML Résumé Library</title>
      </bookmark>
      <bookmark href="http://relaxng.org/" dlcs:aliasOf="entry45">
        <title>RELAX NG</title>
        <desc>RELAX NG is a schema language for XML.</desc>
      </bookmark>
      <bookmark href="http://www.w3.org/TR/REC-xml/" dlcs:aliasOf="entry46">
        <title>Extensible Markup Language (XML) 1.0</title>
      </bookmark>
      <bookmark href="http://www-128.ibm.com/developerworks/xml/library/x-stand1.html" dlcs:aliasOf="entry47">
        <title>Overview of XML specifications from Uche Ogbuji</title>
      </bookmark>
      <bookmark href="http://www.rpbourret.com/xml/XMLURLs.htm" dlcs:aliasOf="entry48">
        <title>Index of XML resources from Ronald Bourret</title>
      </bookmark>
      <bookmark href="http://www.xmlmind.com/xmleditor/" dlcs:aliasOf="entry114">
        <title>XMLmind XML Editor</title>
        <desc>This is the home page for the XMLmind XML Editor, which is a powerful, proprietary, general-purpose front-end for human editing of XML documents.  It provides a CSS-styled view of documents being edited.</desc>
      </bookmark>
      <bookmark href="http://planet.xmlhack.com/" dlcs:tag="news daily XML" id="entry120">
        <title>Planet XMLhack</title>
        <desc>A collection of feeds from a variety of commentators on XML-related issues.</desc>
      </bookmark>
    </folder>
    <folder>
      <title>apple</title>
      <bookmark href="http://www.macrumors.com/" dlcs:aliasOf="entry52">
        <title>Mac Rumors: Apple Mac Rumors and News You Care About</title>
      </bookmark>
    </folder>
    <folder>
      <title>assembly</title>
      <bookmark href="http://webster.cs.ucr.edu/" dlcs:aliasOf="entry25">
        <title>Art of Assembly Language Programming and HLA by Randall Hyde</title>
      </bookmark>
    </folder>
    <folder>
      <title>backup</title>
      <bookmark href="http://www.cis.upenn.edu/~bcpierce/unison/" dlcs:aliasOf="entry117">
        <title>Unison File Synchronizer</title>
        <desc>Unison is an excellent cross-platform backup and synchronization utility.</desc>
      </bookmark>
    </folder>
    <folder>
      <title>bash</title>
      <bookmark href="http://linuxgazette.net/109/marinov.html" dlcs:tag="shell bash" id="entry121">
        <title>History of visited directories in BASH</title>
        <desc>This document describes a Bash shell script which enhances the `cd` command to allow for easy selection of a new directory based upon a history of previous working directories.</desc>
      </bookmark>
      <bookmark href="http://www.ukuug.org/events/linux2003/papers/bash_tips/" dlcs:tag="bash linux shell" id="entry122">
        <title>Power Shell Usage: Bash Tips &amp; Tricks</title>
        <desc>Power Shell Usage is a presentation which describes how to get more out of day-to-day use of the bash shell.</desc>
      </bookmark>
    </folder>
    <folder>
      <title>bibliographies</title>
      <bookmark href="http://www.ecst.csuchico.edu/~jacobsd/bib/formats/index.html" dlcs:aliasOf="entry33">
        <title>Bibliography Formats</title>
      </bookmark>
    </folder>
    <folder>
      <title>bootloader</title>
      <bookmark href="http://syslinux.zytor.com/" dlcs:aliasOf="entry85">
        <title>SYSLINUX</title>
        <desc>'The SYSLINUX Project covers lightweight bootloaders for floppy media (SYSLINUX), network booting (PXELINUX), and bootable "El Torito" CD-ROMs (ISOLINUX).'</desc>
      </bookmark>
    </folder>
    <folder>
      <title>cluster</title>
      <bookmark href="http://linux-ha.org/" dlcs:aliasOf="entry93">
        <title>The High-Availability Linux Project</title>
        <desc>"The basic goal of the High Availability Linux project is to provide a high-availability (clustering) solution for Linux which promotes reliability, availability, and serviceability (RAS) through a community development effort."</desc>
      </bookmark>
      <bookmark href="http://www.mosix.cs.huji.ac.il/" dlcs:aliasOf="entry101">
        <title>MOSIX</title>
        <desc>"MOSIX is a management system that allows a Linux cluster or a Grid to perform like a single computer with multiple processors."</desc>
      </bookmark>
    </folder>
    <folder>
      <title>coding</title>
      <bookmark href="http://webster.cs.ucr.edu/" dlcs:aliasOf="entry25">
        <title>Art of Assembly Language Programming and HLA by Randall Hyde</title>
      </bookmark>
      <bookmark href="http://www.pingwales.co.uk/software/cox-on-better-software.html" dlcs:tag="coding software-engineering" id="entry123">
        <title>Alan Cox on writing better software</title>
        <desc>Alan Cox provides a high-level perspective on a number of items that could be useful for producing better software.</desc>
      </bookmark>
    </folder>
    <folder>
      <title>communication</title>
      <bookmark href="http://www.procmail.org/" dlcs:aliasOf="entry86">
        <title>Procmail Homepage</title>
      </bookmark>
      <bookmark href="http://gaim.sourceforge.net/" dlcs:aliasOf="entry102">
        <title>Gaim</title>
        <desc>"Gaim is a multi-protocol instant messaging (IM) client for Linux, BSD, MacOS X, and Windows."</desc>
      </bookmark>
      <bookmark href="http://www.jabber.org/" dlcs:aliasOf="entry106">
        <title>Jabber</title>
        <desc>"Jabber: Open Instant Messaging and a Whole Lot More, Powered by XMPP"</desc>
      </bookmark>
      <bookmark href="http://www.mutt.org/" dlcs:aliasOf="entry118">
        <title>The Mutt Email Client</title>
      </bookmark>
    </folder>
    <folder>
      <title>cryptography</title>
      <bookmark href="http://www.pkiforum.org/" dlcs:aliasOf="entry15">
        <title>OASIS PKI</title>
        <desc>"The OASIS PKI Member Section was established ... to foster support for standards-based, interoperable public-key infrastructure (PKI) as a foundation for secure transactions in e-business applications."</desc>
      </bookmark>
      <bookmark href="http://www.gnupg.org/" dlcs:aliasOf="entry95">
        <title>The GNU Privacy Guard</title>
        <desc>"GnuPG is the GNU project's complete and free implementation of the OpenPGP standard as defined by RFC2440."</desc>
      </bookmark>
    </folder>
    <folder>
      <title>daily</title>
      <bookmark href="http://www.universalis.com/" dlcs:aliasOf="entry71">
        <title>Universalis</title>
        <desc>This site organizes and presents the daily Liturgy of the Hours.</desc>
      </bookmark>
      <bookmark href="http://www.securityfocus.com/" dlcs:aliasOf="entry24">
        <title>SecurityFocus</title>
        <desc>"SecurityFocus is a vendor-neutral site that provides objective, timely and comprehensive security information to all members of the security community ..."</desc>
      </bookmark>
      <bookmark href="http://isc.incidents.org/" dlcs:tag="security networking daily utility" id="entry124">
        <title>Internet Storm Center from SANS</title>
      </bookmark>
      <bookmark href="http://del.icio.us/popular/deals" dlcs:tag="daily" id="entry125">
        <title>Listing of popular deal alert sites</title>
      </bookmark>
      <bookmark href="http://planetrdf.com/" dlcs:aliasOf="entry77">
        <title>Planet RDF</title>
        <desc>A collection of feeds from a variety of commentators on RDF-related issues.</desc>
      </bookmark>
      <bookmark href="http://planet.xmlhack.com/" dlcs:aliasOf="entry120">
        <title>Planet XMLhack</title>
        <desc>A collection of feeds from a variety of commentators on XML-related issues.</desc>
      </bookmark>
    </folder>
    <folder>
      <title>database</title>
      <bookmark href="http://www.postgresql.org/" dlcs:aliasOf="entry99">
        <title>PostgreSQL</title>
        <desc>"PostgreSQL is a powerful, open source relational database system."</desc>
      </bookmark>
    </folder>
    <folder>
      <title>democracy</title>
      <bookmark href="http://www.fairvote.org/" dlcs:tag="democracy voting government" id="entry126">
        <title>FairVote: The Center for Voting and Democracy</title>
      </bookmark>
    </folder>
    <folder>
      <title>directory</title>
      <bookmark href="http://freshmeat.net/" dlcs:aliasOf="entry112">
        <title>Freshmeat</title>
        <desc>Freshmeat is a software directory.</desc>
      </bookmark>
    </folder>
    <folder>
      <title>distributions</title>
      <bookmark href="http://www.freebsd.org/" dlcs:aliasOf="entry1">
        <title>The FreeBSD Project</title>
      </bookmark>
      <bookmark href="http://www.knoppix.net/" dlcs:aliasOf="entry104">
        <title>Knoppix.net</title>
        <desc>"Knoppix.net is a resource for users, developers, and testers of Knoppix."</desc>
      </bookmark>
      <bookmark href="http://www.knopper.net/knoppix/index-en.html" dlcs:aliasOf="entry105">
        <title>KNOPPIX</title>
        <desc>"KNOPPIX is a bootable Live system on CD or DVD, consisting of a representative collection of GNU/Linux software, automatic hardware detection, and support for many graphics cards, sound cards, SCSI and USB devices and other peripherals."</desc>
      </bookmark>
    </folder>
    <folder>
      <title>documentation</title>
      <bookmark href="http://www.literateprogramming.com/" dlcs:aliasOf="entry7">
        <title>Literate Programming</title>
        <desc>This site gathers information and references about Literate Programming.</desc>
      </bookmark>
    </folder>
    <folder>
      <title>environment</title>
      <bookmark href="http://www.climatecrisis.net/" dlcs:tag="environment politics" id="entry127">
        <title>An Inconvenient Truth</title>
        <desc>"An Inconvenient Truth" is a Movie, a Book, a Political Platform, and an extremely important Message about the frightening reality of Global Warming that calls us all to action.</desc>
      </bookmark>
    </folder>
    <folder>
      <title>fonts</title>
      <bookmark href="http://www.gnome.org/fonts/" dlcs:tag="fonts" id="entry128">
        <title>Bitstream Vera Fonts</title>
        <desc>A set of free fonts from the Gnome project.</desc>
      </bookmark>
      <bookmark href="http://scripts.sil.org/cms/scripts/page.php?site_id=nrsi&amp;item_id=Gentium" dlcs:tag="fonts" id="entry129">
        <title>Gentium — a typeface for the nations</title>
      </bookmark>
    </folder>
    <folder>
      <title>formal-methods</title>
      <bookmark href="http://pvs.csl.sri.com/" dlcs:aliasOf="entry111">
        <title>PVS Specification and Verification System</title>
        <desc>"PVS is a verification system: that is, a specification language integrated with support tools and a theorem prover. It is intended to capture the state-of-the-art in mechanized formal methods ..."</desc>
      </bookmark>
    </folder>
    <folder>
      <title>games</title>
      <bookmark href="http://www.pulltheplug.org/wargames/" dlcs:tag="security games" id="entry130">
        <title>PullThePlug Wargames, including Vortex, Catalyst, Semtex, and Blackhole</title>
        <desc>The PullThePlug Wargames are a set of live reverse engineering and exploit development exercises.</desc>
      </bookmark>
    </folder>
    <folder>
      <title>geek</title>
      <bookmark href="http://www.jwz.org/" dlcs:tag="personal geek humor" id="entry131">
        <title>jwz.org</title>
        <desc>Jamie Zawinski's personal web site.</desc>
      </bookmark>
      <bookmark href="http://snafu.freedom.org/" dlcs:tag="geek" id="entry132">
        <title>Snafu</title>
        <desc>"You know what it means.  It's the normal state of the world.  Ain't it wonderful?"</desc>
      </bookmark>
      <bookmark href="http://www.catb.org/jargon/" dlcs:aliasOf="entry58">
        <title>The Jargon File</title>
        <desc>The Jargon File is a collection of definitions of critical terms for geeks everywhere.</desc>
      </bookmark>
    </folder>
    <folder>
      <title>government</title>
      <bookmark href="http://www.cve.mitre.org/" dlcs:aliasOf="entry13">
        <title>Common Vulnerabilities and Exposures from MITRE</title>
        <desc>Common Vulnerabilities and Exposures (CVE) is a list of standardized names for vulnerabilities and other information security exposures..."</desc>
      </bookmark>
      <bookmark href="http://www.fcw.com/" dlcs:aliasOf="entry18">
        <title>Federal Computer Week</title>
      </bookmark>
      <bookmark href="http://csrc.nist.gov/" dlcs:aliasOf="entry19">
        <title>NIST Computer Security Resource Center</title>
      </bookmark>
      <bookmark href="http://www.cert.mil/" dlcs:aliasOf="entry20">
        <title>Joint Task Force - Global Network Operations</title>
        <desc>"The JTF-GNO directs the operation and defense of the Global Information Grid across strategic, operational, and tactical boundaries in support of DoD’s full spectrum of war fighting, intelligence, and business operations."</desc>
      </bookmark>
      <bookmark href="http://wiki.electorama.com/wiki/Election-methods_mailing_list" dlcs:tag="government voting" id="entry133">
        <title>Election-methods mailing list</title>
        <desc>This site provides documentation of the election-methods mailing list, as well as related resources.</desc>
      </bookmark>
      <bookmark href="http://www.archives.gov/" dlcs:tag="government reference" id="entry134">
        <title>U.S. National Archives and Records Administration (NARA)</title>
      </bookmark>
      <bookmark href="http://www.archives.gov/national-archives-experience/charters/constitution.html" dlcs:tag="government reference" id="entry135">
        <title>The Constitution of the United States</title>
        <desc>This site presents the U.S. Constitution in a setting maintained by the U.S. National Archives and Records Administration (NARA).</desc>
      </bookmark>
      <bookmark href="http://www.fairvote.org/" dlcs:aliasOf="entry126">
        <title>FairVote: The Center for Voting and Democracy</title>
      </bookmark>
      <bookmark href="http://www.govtrack.us/" dlcs:tag="government rdf_source" id="entry136">
        <title>GovTrack.us: Tracking the United States Congress</title>
        <desc>GovTrack publishes and summarizes formalized information about ongoing activities in Congress.</desc>
      </bookmark>
    </folder>
    <folder>
      <title>grid</title>
      <bookmark href="http://www.mosix.cs.huji.ac.il/" dlcs:aliasOf="entry101">
        <title>MOSIX</title>
        <desc>"MOSIX is a management system that allows a Linux cluster or a Grid to perform like a single computer with multiple processors."</desc>
      </bookmark>
    </folder>
    <folder>
      <title>hardware</title>
      <bookmark href="http://www.cdrfaq.org/" dlcs:aliasOf="entry6">
        <title>CD-Recordable FAQ</title>
        <desc>"This document attempts to answer Frequently Asked Questions about Compact Disc Recordable technology and related fields."</desc>
      </bookmark>
    </folder>
    <folder>
      <title>history</title>
      <bookmark href="http://www.rheingold.com/texts/tft/" dlcs:aliasOf="entry5">
        <title>Tools For Thought</title>
      </bookmark>
    </folder>
    <folder>
      <title>humor</title>
      <bookmark href="http://www.rinkworks.com/stupid/" dlcs:aliasOf="entry4">
        <title>Computer Stupidities</title>
        <desc>"The following is a large collection of stories and anecdotes about clueless computer users."</desc>
      </bookmark>
      <bookmark href="http://www.jwz.org/" dlcs:aliasOf="entry131">
        <title>jwz.org</title>
        <desc>Jamie Zawinski's personal web site.</desc>
      </bookmark>
      <bookmark href="http://www.catb.org/jargon/" dlcs:aliasOf="entry58">
        <title>The Jargon File</title>
        <desc>The Jargon File is a collection of definitions of critical terms for geeks everywhere.</desc>
      </bookmark>
    </folder>
    <folder>
      <title>laptop</title>
      <bookmark href="http://www.notebookreview.com/" dlcs:tag="news laptops laptop" id="entry137">
        <title>NotebookReview.com</title>
        <desc>NotebookReview.com is a site to find links to the latest Notebook Reviews, Laptop Information and Prices and Laptop Discussion.</desc>
      </bookmark>
    </folder>
    <folder>
      <title>laptops</title>
      <bookmark href="http://www.notebookreview.com/" dlcs:aliasOf="entry137">
        <title>NotebookReview.com</title>
        <desc>NotebookReview.com is a site to find links to the latest Notebook Reviews, Laptop Information and Prices and Laptop Discussion.</desc>
      </bookmark>
    </folder>
    <folder>
      <title>law</title>
      <bookmark href="http://www.iusmentis.com/" dlcs:aliasOf="entry23">
        <title>Ius mentis</title>
        <desc>'The purpose of iusmentis.com is, put briefly, "to explain the law to techies, and tech to laywers."'</desc>
      </bookmark>
    </folder>
    <folder>
      <title>linux</title>
      <bookmark href="http://namesys.com/" dlcs:aliasOf="entry82">
        <title>NAMESYS</title>
        <desc>This is the homepage for ReiserFS and a number of other resources surrounding the technical aspects of naming and resource management.</desc>
      </bookmark>
      <bookmark href="http://www.tldp.org/HOWTO/Adv-Routing-HOWTO/index.html" dlcs:aliasOf="entry26">
        <title>Linux Advanced Routing &amp; Traffic Control HOWTO</title>
      </bookmark>
      <bookmark href="http://www.kerneltrap.org/" dlcs:aliasOf="entry27">
        <title>KernelTrap</title>
        <desc>"KernelTrap is a web community devoted to sharing the latest in kernel development news."</desc>
      </bookmark>
      <bookmark href="http://www.linuxmagazine.com/" dlcs:aliasOf="entry29">
        <title>Linux Magazine</title>
      </bookmark>
      <bookmark href="http://www.linux.org/" dlcs:aliasOf="entry30">
        <title>The Linux Home Page at Linux Online</title>
      </bookmark>
      <bookmark href="http://www.linuxjournal.com/" dlcs:aliasOf="entry31">
        <title>Linux Journal</title>
        <desc>"The Original Monthly Magazine of the Linux Community"</desc>
      </bookmark>
      <bookmark href="http://www.linux-laptop.net/" dlcs:aliasOf="entry32">
        <title>Linux on Laptops</title>
        <desc>This is "an index of information and documentation of interest to those who now use or are considering using Linux on a notebook or laptop computer."</desc>
      </bookmark>
      <bookmark href="http://www.kernel.org/" dlcs:aliasOf="entry103">
        <title>The Linux Kernel Archives</title>
      </bookmark>
      <bookmark href="http://www.knoppix.net/" dlcs:aliasOf="entry104">
        <title>Knoppix.net</title>
        <desc>"Knoppix.net is a resource for users, developers, and testers of Knoppix."</desc>
      </bookmark>
      <bookmark href="http://www.knopper.net/knoppix/index-en.html" dlcs:aliasOf="entry105">
        <title>KNOPPIX</title>
        <desc>"KNOPPIX is a bootable Live system on CD or DVD, consisting of a representative collection of GNU/Linux software, automatic hardware detection, and support for many graphics cards, sound cards, SCSI and USB devices and other peripherals."</desc>
      </bookmark>
      <bookmark href="http://www.ukuug.org/events/linux2003/papers/bash_tips/" dlcs:aliasOf="entry122">
        <title>Power Shell Usage: Bash Tips &amp; Tricks</title>
        <desc>Power Shell Usage is a presentation which describes how to get more out of day-to-day use of the bash shell.</desc>
      </bookmark>
    </folder>
    <folder>
      <title>list</title>
      <bookmark href="http://landru.i-link-2.net/shnyves/prayer.html" dlcs:aliasOf="entry72">
        <title>Awaken to prayer: how to pray as a Catholic</title>
      </bookmark>
      <bookmark href="http://www.literateprogramming.com/" dlcs:aliasOf="entry7">
        <title>Literate Programming</title>
        <desc>This site gathers information and references about Literate Programming.</desc>
      </bookmark>
      <bookmark href="http://www.softpanorama.org/" dlcs:aliasOf="entry11">
        <title>Softpanorama: (slightly skeptical)  Open Source Software Educational Society</title>
        <desc>"This is a self-education oriented CS site that contains resources for the independent study in computer science and programming."</desc>
      </bookmark>
      <bookmark href="http://www.wiretapped.net/" dlcs:aliasOf="entry21">
        <title>Wiretapped</title>
        <desc>"Wiretapped is an archive of software and information covering the areas of host, network and information security, network operations, cryptography and privacy, among others."</desc>
      </bookmark>
    </folder>
    <folder>
      <title>mathematics</title>
      <bookmark href="http://web.media.mit.edu/~minsky/" dlcs:tag="personal mathematics" id="entry138">
        <title>Marvin Minsky Home Page</title>
      </bookmark>
      <bookmark href="http://www.umcs.maine.edu/~chaitin/" dlcs:tag="personal mathematics" id="entry139">
        <title>The Home Page of Gregory Chaitin</title>
      </bookmark>
    </folder>
    <folder>
      <title>middle_east</title>
      <bookmark href="http://www.michaeltotten.com/" dlcs:tag="news middle_east" id="entry140">
        <title>Michael J. Totten's Middle East Journal</title>
        <desc>An independent reporter provides a from-the-ground perspective on events and life in the Middle East.</desc>
      </bookmark>
    </folder>
    <folder>
      <title>networking</title>
      <bookmark href="http://www.samspade.org/" dlcs:aliasOf="entry3">
        <title>Sam Spade</title>
        <desc>Sam Spade provides a suite of network probing tools for manual, web-based use.</desc>
      </bookmark>
      <bookmark href="http://www.portknocking.org/" dlcs:aliasOf="entry80">
        <title>Port Knocking</title>
        <desc>"a stealthy system for network authentication across closed ports"</desc>
      </bookmark>
      <bookmark href="http://www.insecure.org/" dlcs:aliasOf="entry81">
        <title>Insecure.org - The nmap homepage</title>
        <desc>"Nmap ("Network Mapper") is a free open source utility for network exploration or security auditing."</desc>
      </bookmark>
      <bookmark href="http://isc.incidents.org/" dlcs:aliasOf="entry124">
        <title>Internet Storm Center from SANS</title>
      </bookmark>
      <bookmark href="http://www.tldp.org/HOWTO/Adv-Routing-HOWTO/index.html" dlcs:aliasOf="entry26">
        <title>Linux Advanced Routing &amp; Traffic Control HOWTO</title>
      </bookmark>
      <bookmark href="http://lartc.org/wondershaper/" dlcs:aliasOf="entry84">
        <title>Wonder Shaper</title>
      </bookmark>
      <bookmark href="http://airsnort.shmoo.com/" dlcs:aliasOf="entry90">
        <title>AirSnort Homepage</title>
        <desc>"AirSnort is a wireless LAN (WLAN) tool which recovers encryption keys. AirSnort operates by passively monitoring transmissions, computing the encryption key when enough packets have been gathered."</desc>
      </bookmark>
      <bookmark href="http://www.kismetwireless.net/" dlcs:aliasOf="entry91">
        <title>Kismet</title>
        <desc>"Kismet is an 802.11 layer2 wireless network detector, sniffer, and intrusion detection system."</desc>
      </bookmark>
      <bookmark href="http://www.wireshark.org/" dlcs:aliasOf="entry92">
        <title>Wireshark</title>
        <desc>"Wireshark is one of the world's foremost network protocol analyzers ..."</desc>
      </bookmark>
      <bookmark href="http://www.ipnsig.org/home.htm" dlcs:aliasOf="entry34">
        <title>InterPlaNetary Internet Project</title>
        <desc>"The objective of [this] project is to define the architecture and protocols necessary to permit interoperation of the Internet resident on Earth with other remotely located internets resident on other planets or spacecraft in transit."</desc>
      </bookmark>
      <bookmark href="http://www.cisco.com/warp/public/556/nat-cisco.shtml" dlcs:aliasOf="entry50">
        <title>Cisco - How NAT Works</title>
      </bookmark>
    </folder>
    <folder>
      <title>news</title>
      <bookmark href="http://www.americancatholic.org/" dlcs:aliasOf="entry65">
        <title>American Catholic</title>
      </bookmark>
      <bookmark href="http://www.catholic.net/" dlcs:aliasOf="entry68">
        <title>Catholic.net</title>
      </bookmark>
      <bookmark href="http://securityresponse.symantec.com/" dlcs:aliasOf="entry14">
        <title>Symantec Security Response</title>
        <desc>"Security Response provides ... world-class analysis and protection from viruses, blended threats, security risks and vulnerabilities."</desc>
      </bookmark>
      <bookmark href="http://www.linuxsecurity.com/" dlcs:aliasOf="entry16">
        <title>Linux Security</title>
        <desc>"The Central Voice for Linux and Open Source Security News"</desc>
      </bookmark>
      <bookmark href="http://www.infoworld.com/" dlcs:aliasOf="entry17">
        <title>InfoWorld</title>
        <desc>"Information Technology News, Computer Networking &amp; Security"</desc>
      </bookmark>
      <bookmark href="http://www.fcw.com/" dlcs:aliasOf="entry18">
        <title>Federal Computer Week</title>
      </bookmark>
      <bookmark href="http://www.securityfocus.com/" dlcs:aliasOf="entry24">
        <title>SecurityFocus</title>
        <desc>"SecurityFocus is a vendor-neutral site that provides objective, timely and comprehensive security information to all members of the security community ..."</desc>
      </bookmark>
      <bookmark href="http://www.kerneltrap.org/" dlcs:aliasOf="entry27">
        <title>KernelTrap</title>
        <desc>"KernelTrap is a web community devoted to sharing the latest in kernel development news."</desc>
      </bookmark>
      <bookmark href="http://lwn.net/" dlcs:aliasOf="entry28">
        <title>LWN.net</title>
        <desc>"LWN.net aims to be the premier news and information source for the free software community."</desc>
      </bookmark>
      <bookmark href="http://www.linuxmagazine.com/" dlcs:aliasOf="entry29">
        <title>Linux Magazine</title>
      </bookmark>
      <bookmark href="http://www.linuxjournal.com/" dlcs:aliasOf="entry31">
        <title>Linux Journal</title>
        <desc>"The Original Monthly Magazine of the Linux Community"</desc>
      </bookmark>
      <bookmark href="http://www.notebookreview.com/" dlcs:aliasOf="entry137">
        <title>NotebookReview.com</title>
        <desc>NotebookReview.com is a site to find links to the latest Notebook Reviews, Laptop Information and Prices and Laptop Discussion.</desc>
      </bookmark>
      <bookmark href="http://planetrdf.com/" dlcs:aliasOf="entry77">
        <title>Planet RDF</title>
        <desc>A collection of feeds from a variety of commentators on RDF-related issues.</desc>
      </bookmark>
      <bookmark href="http://planet.xmlhack.com/" dlcs:aliasOf="entry120">
        <title>Planet XMLhack</title>
        <desc>A collection of feeds from a variety of commentators on XML-related issues.</desc>
      </bookmark>
      <bookmark href="http://www.michaeltotten.com/" dlcs:aliasOf="entry140">
        <title>Michael J. Totten's Middle East Journal</title>
        <desc>An independent reporter provides a from-the-ground perspective on events and life in the Middle East.</desc>
      </bookmark>
      <bookmark href="http://www.thefutoncritic.com/" dlcs:aliasOf="entry61">
        <title>the futon critic</title>
        <desc>"the web's best television resource"</desc>
      </bookmark>
    </folder>
    <folder>
      <title>nostalgia</title>
      <bookmark href="http://www.abiword.com/" dlcs:aliasOf="entry110">
        <title>AbiWord</title>
        <desc>AbiWord is a Freed Software word-processing application.</desc>
      </bookmark>
    </folder>
    <folder>
      <title>paper-airplanes</title>
      <bookmark href="http://www.freehomepages.com/jline/" dlcs:aliasOf="entry54">
        <title>jline Paper Airplanes</title>
      </bookmark>
      <bookmark href="http://www.josephpalmer.com/planes/Airplane.shtml" dlcs:aliasOf="entry55">
        <title>Joseph Palmer's Paper Airplanes</title>
      </bookmark>
      <bookmark href="http://www.zurqui.co.cr/crinfocus/paper/airplane.html" dlcs:aliasOf="entry56">
        <title>Build the best paper airplane in the world!</title>
      </bookmark>
    </folder>
    <folder>
      <title>personal</title>
      <bookmark href="http://web.media.mit.edu/~minsky/" dlcs:aliasOf="entry138">
        <title>Marvin Minsky Home Page</title>
      </bookmark>
      <bookmark href="http://www.jwz.org/" dlcs:aliasOf="entry131">
        <title>jwz.org</title>
        <desc>Jamie Zawinski's personal web site.</desc>
      </bookmark>
      <bookmark href="http://www.umcs.maine.edu/~chaitin/" dlcs:aliasOf="entry139">
        <title>The Home Page of Gregory Chaitin</title>
      </bookmark>
      <bookmark href="http://dig.csail.mit.edu/breadcrumbs/blog/2" dlcs:aliasOf="entry74">
        <title>Dan Connolly's web log</title>
        <desc>Dan Connolly discusses the Semantic Web and other Web Architectural issues.</desc>
      </bookmark>
      <bookmark href="http://amix.dk/" dlcs:tag="personal" id="entry141">
        <title>atg's personal site</title>
      </bookmark>
      <bookmark href="http://plasmasturm.org/" dlcs:tag="personal" id="entry142">
        <title>Aristotle Pagaltzis</title>
        <desc>Aristotle Pagaltzis' home page.</desc>
      </bookmark>
      <bookmark href="http://www.andrewsullivan.com/index.php" dlcs:tag="personal" id="entry143">
        <title>Communication Forum for Andrew Sullivan</title>
        <desc>This site provides access to Andrew Sullivan's take on current events through his web log, his articles, and other media such as letters.  Mr. Sullivan is professional writer who seems interested in history and its effect on the present.</desc>
      </bookmark>
    </folder>
    <folder>
      <title>photography</title>
      <bookmark href="http://www.dpreview.com/" dlcs:tag="photography" id="entry144">
        <title>Digital Photography Review</title>
        <desc>"Digital Photography Review is an independent resource dedicated to the provision of news, reviews and information about Digital Photography and Digital Imaging ..."</desc>
      </bookmark>
    </folder>
    <folder>
      <title>poetry</title>
      <bookmark href="http://mercury.ccil.org/~cowan/mythopoeia.html" dlcs:tag="poetry" id="entry145">
        <title>"Mythopoeia", by J.R.R. Tolkien</title>
      </bookmark>
    </folder>
    <folder>
      <title>politics</title>
      <bookmark href="http://www.climatecrisis.net/" dlcs:aliasOf="entry127">
        <title>An Inconvenient Truth</title>
        <desc>"An Inconvenient Truth" is a Movie, a Book, a Political Platform, and an extremely important Message about the frightening reality of Global Warming that calls us all to action.</desc>
      </bookmark>
    </folder>
    <folder>
      <title>portal</title>
      <bookmark href="http://www.catholic-pages.com/" dlcs:aliasOf="entry67">
        <title>Catholic-Pages.com</title>
      </bookmark>
      <bookmark href="http://www.linux.org/" dlcs:aliasOf="entry30">
        <title>The Linux Home Page at Linux Online</title>
      </bookmark>
      <bookmark href="http://www.linux-laptop.net/" dlcs:aliasOf="entry32">
        <title>Linux on Laptops</title>
        <desc>This is "an index of information and documentation of interest to those who now use or are considering using Linux on a notebook or laptop computer."</desc>
      </bookmark>
    </folder>
    <folder>
      <title>prayer</title>
      <bookmark href="http://www.universalis.com/" dlcs:aliasOf="entry71">
        <title>Universalis</title>
        <desc>This site organizes and presents the daily Liturgy of the Hours.</desc>
      </bookmark>
      <bookmark href="http://landru.i-link-2.net/shnyves/prayer.html" dlcs:aliasOf="entry72">
        <title>Awaken to prayer: how to pray as a Catholic</title>
      </bookmark>
    </folder>
    <folder>
      <title>python</title>
      <bookmark href="http://www.brpreiss.com/books/opus7/" dlcs:aliasOf="entry10">
        <title>Data Structures and Algorithms with Object-Oriented Design Patterns in Python</title>
        <desc>"This book is about the fundamentals of data structures and algorithms...  The algorithms and data structures in the book are presented in the Python programming language."</desc>
      </bookmark>
      <bookmark href="http://divmod.org/trac" dlcs:aliasOf="entry83">
        <title>Divmod</title>
      </bookmark>
    </folder>
    <folder>
      <title>queue</title>
      <bookmark href="http://rdfhomepage.opendfki.de/cgi-bin/trac.cgi" dlcs:aliasOf="entry76">
        <title>RDFHomepage</title>
        <desc>RDFHomepage generates a web site from a set of RDF sources, including FOAF.</desc>
      </bookmark>
      <bookmark href="http://www.taskjuggler.org/" dlcs:aliasOf="entry113">
        <title>TaskJuggler: Project Manager's Delight</title>
        <desc>TaskJuggler is Free Software for managing time and effort allocations for project workflow.</desc>
      </bookmark>
    </folder>
    <folder>
      <title>rdf_source</title>
      <bookmark href="http://www.govtrack.us/" dlcs:aliasOf="entry136">
        <title>GovTrack.us: Tracking the United States Congress</title>
        <desc>GovTrack publishes and summarizes formalized information about ongoing activities in Congress.</desc>
      </bookmark>
    </folder>
    <folder>
      <title>reference</title>
      <bookmark href="http://www.cyberhymnal.org/" dlcs:aliasOf="entry62">
        <title>The Cyber Hymnal</title>
        <desc>"This site has over 5,800 Christian hymns &amp; Gospel songs from many denominations."</desc>
      </bookmark>
      <bookmark href="http://www.thedigitalbits.com/" dlcs:aliasOf="entry60">
        <title>The Digital Bits</title>
        <desc>News on movies, DVD releases, and related events.</desc>
      </bookmark>
      <bookmark href="http://www.blueletterbible.org/" dlcs:aliasOf="entry63">
        <title>Blue Letter Bible</title>
        <desc>The Blue Letter Bible provides online Biblical research tools.</desc>
      </bookmark>
      <bookmark href="http://www.newadvent.org/" dlcs:aliasOf="entry64">
        <title>New Advent</title>
        <desc>New Advent provides access to an assortment of historical Christian writing as well as regularly updated news in an accessible manner.</desc>
      </bookmark>
      <bookmark href="http://www.vatican.va/" dlcs:aliasOf="entry66">
        <title>Vatican: the Holy See</title>
      </bookmark>
      <bookmark href="http://www.usccb.org/" dlcs:aliasOf="entry69">
        <title>United States Conference of Catholic Bishops</title>
        <desc>This site includes Catholic news and access to the Bible and the Catechism.</desc>
      </bookmark>
      <bookmark href="http://www.cdrfaq.org/" dlcs:aliasOf="entry6">
        <title>CD-Recordable FAQ</title>
        <desc>"This document attempts to answer Frequently Asked Questions about Compact Disc Recordable technology and related fields."</desc>
      </bookmark>
      <bookmark href="http://www.docbook.org/" dlcs:aliasOf="entry9">
        <title>DocBook.org</title>
        <desc>"This is the official home page for DocBook: The Definitive Guide."</desc>
      </bookmark>
      <bookmark href="http://www.brpreiss.com/books/opus7/" dlcs:aliasOf="entry10">
        <title>Data Structures and Algorithms with Object-Oriented Design Patterns in Python</title>
        <desc>"This book is about the fundamentals of data structures and algorithms...  The algorithms and data structures in the book are presented in the Python programming language."</desc>
      </bookmark>
      <bookmark href="http://www.archives.gov/" dlcs:aliasOf="entry134">
        <title>U.S. National Archives and Records Administration (NARA)</title>
      </bookmark>
      <bookmark href="http://www.archives.gov/national-archives-experience/charters/constitution.html" dlcs:aliasOf="entry135">
        <title>The Constitution of the United States</title>
        <desc>This site presents the U.S. Constitution in a setting maintained by the U.S. National Archives and Records Administration (NARA).</desc>
      </bookmark>
      <bookmark href="http://www.acsac.org/" dlcs:aliasOf="entry51">
        <title>Applied Computer Security Associates (ACSA)</title>
        <desc>This is the ACSA website; it also covers their annual conference - the Annual Computer Security Applications Conference (ACSAC).  This website provides several good security resources and references.</desc>
      </bookmark>
    </folder>
    <folder>
      <title>research</title>
      <bookmark href="http://pdos.csail.mit.edu/" dlcs:aliasOf="entry2">
        <title>Parallel and Distributed Operating Systems research group at MIT CSAIL</title>
      </bookmark>
    </folder>
    <folder>
      <title>security</title>
      <bookmark href="http://www.openwall.com/" dlcs:aliasOf="entry79">
        <title>Openwall Project</title>
        <desc>This is the home page of John the Ripper, Openwall GNU/*/Linux, and several other pieces of security-related software.</desc>
      </bookmark>
      <bookmark href="http://www.portknocking.org/" dlcs:aliasOf="entry80">
        <title>Port Knocking</title>
        <desc>"a stealthy system for network authentication across closed ports"</desc>
      </bookmark>
      <bookmark href="http://www.osvdb.org/" dlcs:aliasOf="entry12">
        <title>The Open Source Vulnerability Database</title>
      </bookmark>
      <bookmark href="http://www.cve.mitre.org/" dlcs:aliasOf="entry13">
        <title>Common Vulnerabilities and Exposures from MITRE</title>
        <desc>Common Vulnerabilities and Exposures (CVE) is a list of standardized names for vulnerabilities and other information security exposures..."</desc>
      </bookmark>
      <bookmark href="http://securityresponse.symantec.com/" dlcs:aliasOf="entry14">
        <title>Symantec Security Response</title>
        <desc>"Security Response provides ... world-class analysis and protection from viruses, blended threats, security risks and vulnerabilities."</desc>
      </bookmark>
      <bookmark href="http://www.pkiforum.org/" dlcs:aliasOf="entry15">
        <title>OASIS PKI</title>
        <desc>"The OASIS PKI Member Section was established ... to foster support for standards-based, interoperable public-key infrastructure (PKI) as a foundation for secure transactions in e-business applications."</desc>
      </bookmark>
      <bookmark href="http://www.linuxsecurity.com/" dlcs:aliasOf="entry16">
        <title>Linux Security</title>
        <desc>"The Central Voice for Linux and Open Source Security News"</desc>
      </bookmark>
      <bookmark href="http://csrc.nist.gov/" dlcs:aliasOf="entry19">
        <title>NIST Computer Security Resource Center</title>
      </bookmark>
      <bookmark href="http://www.cert.mil/" dlcs:aliasOf="entry20">
        <title>Joint Task Force - Global Network Operations</title>
        <desc>"The JTF-GNO directs the operation and defense of the Global Information Grid across strategic, operational, and tactical boundaries in support of DoD’s full spectrum of war fighting, intelligence, and business operations."</desc>
      </bookmark>
      <bookmark href="http://www.wiretapped.net/" dlcs:aliasOf="entry21">
        <title>Wiretapped</title>
        <desc>"Wiretapped is an archive of software and information covering the areas of host, network and information security, network operations, cryptography and privacy, among others."</desc>
      </bookmark>
      <bookmark href="http://world.std.com/~reinhold/diceware.html" dlcs:aliasOf="entry22">
        <title>The Diceware Passphrase Home Page</title>
        <desc>"This page offers a better way to create a strong, yet easy to remember passphrase for use with encryption and security programs."</desc>
      </bookmark>
      <bookmark href="http://www.securityfocus.com/" dlcs:aliasOf="entry24">
        <title>SecurityFocus</title>
        <desc>"SecurityFocus is a vendor-neutral site that provides objective, timely and comprehensive security information to all members of the security community ..."</desc>
      </bookmark>
      <bookmark href="http://isc.incidents.org/" dlcs:aliasOf="entry124">
        <title>Internet Storm Center from SANS</title>
      </bookmark>
      <bookmark href="http://airsnort.shmoo.com/" dlcs:aliasOf="entry90">
        <title>AirSnort Homepage</title>
        <desc>"AirSnort is a wireless LAN (WLAN) tool which recovers encryption keys. AirSnort operates by passively monitoring transmissions, computing the encryption key when enough packets have been gathered."</desc>
      </bookmark>
      <bookmark href="http://www.wireshark.org/" dlcs:aliasOf="entry92">
        <title>Wireshark</title>
        <desc>"Wireshark is one of the world's foremost network protocol analyzers ..."</desc>
      </bookmark>
      <bookmark href="http://www.gnupg.org/" dlcs:aliasOf="entry95">
        <title>The GNU Privacy Guard</title>
        <desc>"GnuPG is the GNU project's complete and free implementation of the OpenPGP standard as defined by RFC2440."</desc>
      </bookmark>
      <bookmark href="http://www.nessus.org/" dlcs:aliasOf="entry97">
        <title>Nessus</title>
        <desc>"The 'Nessus' Project aims to provide to the Internet community a free, powerful, up-to-date and easy to use remote security scanner."</desc>
      </bookmark>
      <bookmark href="http://www.gentoo.org/proj/en/keychain/index.xml" dlcs:aliasOf="entry98">
        <title>Keychain</title>
        <desc>"The keychain script makes handling RSA and DSA keys both convenient and secure. It acts as a front-end to ssh-agent, allowing you to easily have one long-running ssh-agent process per system, rather than per login session."</desc>
      </bookmark>
      <bookmark href="http://www.acsac.org/" dlcs:aliasOf="entry51">
        <title>Applied Computer Security Associates (ACSA)</title>
        <desc>This is the ACSA website; it also covers their annual conference - the Annual Computer Security Applications Conference (ACSAC).  This website provides several good security resources and references.</desc>
      </bookmark>
      <bookmark href="http://www.pulltheplug.org/wargames/" dlcs:aliasOf="entry130">
        <title>PullThePlug Wargames, including Vortex, Catalyst, Semtex, and Blackhole</title>
        <desc>The PullThePlug Wargames are a set of live reverse engineering and exploit development exercises.</desc>
      </bookmark>
    </folder>
    <folder>
      <title>shell</title>
      <bookmark href="http://linuxgazette.net/109/marinov.html" dlcs:aliasOf="entry121">
        <title>History of visited directories in BASH</title>
        <desc>This document describes a Bash shell script which enhances the `cd` command to allow for easy selection of a new directory based upon a history of previous working directories.</desc>
      </bookmark>
      <bookmark href="http://www.ukuug.org/events/linux2003/papers/bash_tips/" dlcs:aliasOf="entry122">
        <title>Power Shell Usage: Bash Tips &amp; Tricks</title>
        <desc>Power Shell Usage is a presentation which describes how to get more out of day-to-day use of the bash shell.</desc>
      </bookmark>
    </folder>
    <folder>
      <title>software-engineering</title>
      <bookmark href="http://www.literateprogramming.com/" dlcs:aliasOf="entry7">
        <title>Literate Programming</title>
        <desc>This site gathers information and references about Literate Programming.</desc>
      </bookmark>
      <bookmark href="http://www.brpreiss.com/books/opus7/" dlcs:aliasOf="entry10">
        <title>Data Structures and Algorithms with Object-Oriented Design Patterns in Python</title>
        <desc>"This book is about the fundamentals of data structures and algorithms...  The algorithms and data structures in the book are presented in the Python programming language."</desc>
      </bookmark>
      <bookmark href="http://webster.cs.ucr.edu/" dlcs:aliasOf="entry25">
        <title>Art of Assembly Language Programming and HLA by Randall Hyde</title>
      </bookmark>
      <bookmark href="http://www.educery.com/papers/rhetoric/metaphors/" dlcs:tag="software-engineering" id="entry146">
        <title>Software Metaphors</title>
        <desc>This paper provides an overview of the mental models behind software engineering.</desc>
      </bookmark>
      <bookmark href="http://www.pingwales.co.uk/software/cox-on-better-software.html" dlcs:aliasOf="entry123">
        <title>Alan Cox on writing better software</title>
        <desc>Alan Cox provides a high-level perspective on a number of items that could be useful for producing better software.</desc>
      </bookmark>
    </folder>
    <folder>
      <title>specifications</title>
      <bookmark href="http://www.unicode.org/" dlcs:aliasOf="entry35">
        <title>Unicode Home Page</title>
      </bookmark>
      <bookmark href="http://www.w3.org/TR/REC-xml/" dlcs:aliasOf="entry46">
        <title>Extensible Markup Language (XML) 1.0</title>
      </bookmark>
      <bookmark href="http://www.networksorcery.com/" dlcs:tag="specifications web" id="entry147">
        <title>Network Sorcery</title>
        <desc>Network Sorcery provides an index to Internet specifications, including RFCs.</desc>
      </bookmark>
      <bookmark href="http://www.w3.org/" dlcs:tag="specifications web" id="entry148">
        <title>World Wide Web Consortium (W3C)</title>
        <desc>The W3C is a standards body responsible for development of specifications for basic Web technologies.</desc>
      </bookmark>
      <bookmark href="http://www.gbiv.com/protocols/uri/rfc/rfc3986.html" dlcs:aliasOf="entry119">
        <title>[RFC 3986] Uniform Resource Identifier (URI): Generic Syntax</title>
        <desc>This document describes the general URI syntax.</desc>
      </bookmark>
    </folder>
    <folder>
      <title>storage</title>
      <bookmark href="http://namesys.com/" dlcs:aliasOf="entry82">
        <title>NAMESYS</title>
        <desc>This is the homepage for ReiserFS and a number of other resources surrounding the technical aspects of naming and resource management.</desc>
      </bookmark>
      <bookmark href="http://fuse.sourceforge.net/" dlcs:aliasOf="entry94">
        <title>FUSE: Filesystem in Userspace</title>
        <desc>"With FUSE it is possible to implement a fully functional filesystem in a userspace program."</desc>
      </bookmark>
      <bookmark href="http://www.postgresql.org/" dlcs:aliasOf="entry99">
        <title>PostgreSQL</title>
        <desc>"PostgreSQL is a powerful, open source relational database system."</desc>
      </bookmark>
      <bookmark href="http://sources.redhat.com/lvm2/" dlcs:aliasOf="entry100">
        <title>LVM2 Resource Page</title>
      </bookmark>
    </folder>
    <folder>
      <title>television</title>
      <bookmark href="http://www.thefutoncritic.com/" dlcs:aliasOf="entry61">
        <title>the futon critic</title>
        <desc>"the web's best television resource"</desc>
      </bookmark>
    </folder>
    <folder>
      <title>typesetting</title>
      <bookmark href="http://www.ctan.org/" dlcs:aliasOf="entry87">
        <title>Comprehensive TeX Archive Network (CTAN)</title>
        <desc>"The Comprehensive TeX Archive Network is the authoritative place to find TeX-related material for download."</desc>
      </bookmark>
      <bookmark href="http://www.personal.ceu.hu/tex/letters.htm" dlcs:aliasOf="entry88">
        <title>LaTeX Letter Format</title>
        <desc>"You can use LaTeX to typeset letters, both personal and business. The letter document style is designed to make a number of letters at once, although you can make just one if you so desire."</desc>
      </bookmark>
      <bookmark href="http://www.cse.ohio-state.edu/~gurari/TeX4ht/" dlcs:aliasOf="entry89">
        <title>TeX4ht: LaTeX and TeX for Hypertext</title>
        <desc>"TeX4ht is a highly conﬁgurable TeX-based authoring system for producing hypertext."</desc>
      </bookmark>
    </folder>
    <folder>
      <title>unicode</title>
      <bookmark href="http://www.cl.cam.ac.uk/~mgk25/unicode.html" dlcs:aliasOf="entry53">
        <title>UTF-8 and Unicode FAQ for Unix/Linux</title>
      </bookmark>
    </folder>
    <folder>
      <title>utility</title>
      <bookmark href="http://www.samspade.org/" dlcs:aliasOf="entry3">
        <title>Sam Spade</title>
        <desc>Sam Spade provides a suite of network probing tools for manual, web-based use.</desc>
      </bookmark>
      <bookmark href="http://world.std.com/~reinhold/diceware.html" dlcs:aliasOf="entry22">
        <title>The Diceware Passphrase Home Page</title>
        <desc>"This page offers a better way to create a strong, yet easy to remember passphrase for use with encryption and security programs."</desc>
      </bookmark>
      <bookmark href="http://isc.incidents.org/" dlcs:aliasOf="entry124">
        <title>Internet Storm Center from SANS</title>
      </bookmark>
      <bookmark href="http://www.wrh.noaa.gov/total_forecast/index.php?wfo=mtr&amp;zone=caz514&amp;county=cac053" dlcs:tag="utility weather" id="entry149">
        <title>National Weather Service forecast for Monterey, CA</title>
      </bookmark>
      <bookmark href="http://www.onelook.com/" dlcs:aliasOf="entry57">
        <title>OneLook</title>
        <desc>OneLook provides dictionary search across a number of online dictionaries, as well as a reverse dictionary (look up a word by its definition).</desc>
      </bookmark>
      <bookmark href="http://freshmeat.net/" dlcs:aliasOf="entry112">
        <title>Freshmeat</title>
        <desc>Freshmeat is a software directory.</desc>
      </bookmark>
      <bookmark href="http://www.google.com/" dlcs:aliasOf="entry78">
        <title>Google</title>
      </bookmark>
    </folder>
    <folder>
      <title>volunteering</title>
      <bookmark href="http://www.habitat-nola.org/" dlcs:tag="volunteering" id="entry150">
        <title>New Orleans Area Habitat for Humanity</title>
      </bookmark>
    </folder>
    <folder>
      <title>voting</title>
      <bookmark href="http://wiki.electorama.com/wiki/Election-methods_mailing_list" dlcs:aliasOf="entry133">
        <title>Election-methods mailing list</title>
        <desc>This site provides documentation of the election-methods mailing list, as well as related resources.</desc>
      </bookmark>
      <bookmark href="http://www.fairvote.org/" dlcs:aliasOf="entry126">
        <title>FairVote: The Center for Voting and Democracy</title>
      </bookmark>
    </folder>
    <folder>
      <title>wallpapers</title>
      <bookmark href="http://www.vladstudio.com/home/" dlcs:tag="wallpapers" id="entry151">
        <title>VladStudio</title>
        <desc>This is a web site for a graphic art and design studio.  The studio also produces some top-quality desktop wallpapers.</desc>
      </bookmark>
      <bookmark href="http://www.digitalblasphemy.com/" dlcs:tag="wallpapers" id="entry152">
        <title>Digital Blasphemy</title>
        <desc>This site has a collection of digital artwork designed to be used as desktop wallpapers.</desc>
      </bookmark>
      <bookmark href="http://www.mydeskcity.com/" dlcs:tag="wallpapers" id="entry153">
        <title>Mydeskcity</title>
        <desc>Very nice collection of desktop wallpapers, in Japanese.</desc>
      </bookmark>
    </folder>
    <folder>
      <title>weather</title>
      <bookmark href="http://www.wrh.noaa.gov/total_forecast/index.php?wfo=mtr&amp;zone=caz514&amp;county=cac053" dlcs:aliasOf="entry149">
        <title>National Weather Service forecast for Monterey, CA</title>
      </bookmark>
    </folder>
    <folder>
      <title>web</title>
      <bookmark href="http://www.1060.org/" dlcs:aliasOf="entry107">
        <title>1060 NetKernel</title>
        <desc>1060 NetKernel is a resource oriented microkernel and RESTful application server created from the convergence and unification of the powerful fundamental concepts found in the World Wide Web and Unix.</desc>
      </bookmark>
      <bookmark href="http://dublincore.org/" dlcs:aliasOf="entry44">
        <title>Dublin Core Metadata Initiative</title>
        <desc>Dublic Core provides a set of RDF schemata for basic and broad concepts.</desc>
      </bookmark>
      <bookmark href="http://www.networksorcery.com/" dlcs:aliasOf="entry147">
        <title>Network Sorcery</title>
        <desc>Network Sorcery provides an index to Internet specifications, including RFCs.</desc>
      </bookmark>
      <bookmark href="http://www.w3.org/" dlcs:aliasOf="entry148">
        <title>World Wide Web Consortium (W3C)</title>
        <desc>The W3C is a standards body responsible for development of specifications for basic Web technologies.</desc>
      </bookmark>
    </folder>
    <folder>
      <title>wireless</title>
      <bookmark href="http://airsnort.shmoo.com/" dlcs:aliasOf="entry90">
        <title>AirSnort Homepage</title>
        <desc>"AirSnort is a wireless LAN (WLAN) tool which recovers encryption keys. AirSnort operates by passively monitoring transmissions, computing the encryption key when enough packets have been gathered."</desc>
      </bookmark>
      <bookmark href="http://www.kismetwireless.net/" dlcs:aliasOf="entry91">
        <title>Kismet</title>
        <desc>"Kismet is an 802.11 layer2 wireless network detector, sniffer, and intrusion detection system."</desc>
      </bookmark>
    </folder>
    <folder>
      <title>word-processing</title>
      <bookmark href="http://www.abiword.com/" dlcs:aliasOf="entry110">
        <title>AbiWord</title>
        <desc>AbiWord is a Freed Software word-processing application.</desc>
      </bookmark>
    </folder>
  </folder>
</xbel>
