﻿<?xml version="1.0" encoding="UTF-8"?>
<!DOCTYPE xbel PUBLIC "+//IDN python.org//DTD XML Bookmark Exchange Language 1.0//EN//XML" "http://www.python.org/topics/xml/dtds/xbel-1.0.dtd">
<xbel version="1.0">
  <bookmark id="0" href="http://sourceforge.net/projects/mishkal/">
    <title>Mishkal: Arabic Text Vocalization</title>
    <desc>مشكال لتشكيل النصوص العربية</desc>
  </bookmark>
  <bookmark id="1" href="https://www.youtube.com/watch?v=vo_zO_iwjSo">
    <title>Yes You Can</title>
    <desc>فيدو مميز عن القراءة</desc>
  </bookmark>
  <bookmark id="2" href="http://sourceforge.net/projects/elkirtasse/">
    <title>مكتبة القرطاس</title>
    <desc>برنامج مجاني مفتوح تعمل على جميع أنظمة التشغيل لينكس او وندوز أو ماك تتيح لك مطالعة الكتب و تحريرها كما يمكنك إضافة كتب جديدة</desc>
  </bookmark>
  <bookmark id="3" href="http://www.webtoolkit.eu/wt">
    <title>Wt (Witty)</title>
    <desc>Wt (pronounced as witty) is a C++ library for developing web applications</desc>
  </bookmark>
  <bookmark id="4" href="http://portableapps.com/apps/utilities/winmtr_portable">
    <title>WinMTR Portable</title>
    <desc>WinMTR is a visual network diagnostic tool combining the functionality of tracert and ping</desc>
  </bookmark>
  <bookmark id="5" href="http://users.adam.com.au/paulwh/WinToolBox.html">
    <title>Win Toolbox</title>
    <desc>Windows Toolbox is the swiss army knives of utility program's.</desc>
  </bookmark>
  <bookmark id="6" href="http://windirstat.info/">
    <title>WinDirStat</title>
    <desc>WinDirStat is a disk usage statistics viewer and cleanup tool for various versions of Microsoft Windows</desc>
  </bookmark>
  <bookmark id="7" href="http://portableapps.com/apps/utilities/windirstat_portable/">
    <title>WinDirStat Portable</title>
    <desc>WinDirStat is a disk usage statistics viewer and cleanup tool for various versions of Microsoft Windows</desc>
  </bookmark>
  <bookmark id="8" href="https://www.youtube.com/watch?v=x8jdx-lf2Dw">
    <title>TEDxRainier - Joe Justice - WikiSpeed</title>
    <desc>WikiSpeed</desc>
  </bookmark>
  <bookmark id="9" href="http://programmers.stackexchange.com/questions/48100/which-skills-would-you-expect-and-appreciate-in-a-junior-software-engineer">
    <title>junior software engineer skills</title>
    <desc>Which skills would you expect and appreciate in a junior software engineer?</desc>
  </bookmark>
  <bookmark id="A" href="http://stackoverflow.com/questions/332030/when-should-static-cast-dynamic-cast-and-reinterpret-cast-be-used">
    <title>Casting best practises</title>
    <desc>When should static-cast dynamic-cast and reinterpret-cast be used?</desc>
  </bookmark>
  <bookmark id="B" href="http://www.jozy.nl/whatfmt.html">
    <title>WhatFormat</title>
    <desc>WhatFormat is a file analyser (or file analyzer) that looks at these bytes for signatures (magic numbers) and makes a guess of the format this file may have.</desc>
  </bookmark>
  <bookmark id="C" href="http://www.nirsoft.net/utils/opened_files_view.html">
    <title>OpenedFilesView</title>
    <desc>View opened/locked files in your system (sharing violation issues)</desc>
  </bookmark>
  <bookmark id="D" href="http://mulder.brhack.net/#instplay">
    <title>MakeInstantPlayer</title>
    <desc>Tool for creating self-running video files, based on the MPlayer engine.</desc>
  </bookmark>
  <bookmark id="E" href="http://www.flos-freeware.ch/archive.html">
    <title>ntouch - dtouch</title>
    <desc>This utility can be used to modify time stamps of files and directories. dtouch is the companion of ntouch to add or remove a specified time span to or from time stamps of files and directories</desc>
  </bookmark>
  <bookmark id="F" href="http://www.neuber.com/usermonitor/index.html">
    <title>UserMonitor</title>
    <desc>This classroom and computer lab software is perfect for teachers, instructors or administrators.</desc>
  </bookmark>
  <bookmark id="10" href="https://thimble.webmaker.org/en-US/">
    <title>Mozilla Thimble</title>
    <desc>Thimble makes it ridiculously simple to create your own web pages. Write and edit HTML and CSS right in your browser. Instantly preview your work. Then host and share your finished pages with a single click.</desc>
  </bookmark>
  <bookmark id="11" href="http://www.futurict.eu/">
    <title>FutureICT</title>
    <desc>The ultimate goal of the FuturICT flagship project is to understand and manage complex, global, socially interactive systems, with a focus on sustainability and resilience.</desc>
  </bookmark>
  <bookmark id="12" href="http://www.tightvnc.com/projector/">
    <title>TightProjector</title>
    <desc>the screen of a particular Windows computer to other computers in the same local-area network</desc>
  </bookmark>
  <bookmark id="13" href="http://posterazor.sourceforge.net/">
    <title>PosteRazor</title>
    <desc>The PosteRazor cuts a raster image into pieces which can afterwards be printed out and assembled to a poster.</desc>
  </bookmark>
  <bookmark id="14" href="http://www.opentk.com/">
    <title>Open Toolkit</title>
    <desc>The Open Toolkit is an advanced, low-level C# library that wraps OpenGL, OpenCL and OpenAL.</desc>
  </bookmark>
  <bookmark id="15" href="http://www.codeblocks.org/">
    <title>Code::Blocks</title>
    <desc>The open source, cross platform, free C++ IDE.</desc>
  </bookmark>
  <bookmark id="16" href="http://mewiki.project357.com/wiki/Main_Page">
    <title>MeGUI</title>
    <desc>the most comprehensive GUI based ISO MPEG-4 solution</desc>
  </bookmark>
  <bookmark id="17" href="http://www.proxifier.com/">
    <title>Proxifier</title>
    <desc>The most advanced proxy client</desc>
  </bookmark>
  <bookmark id="18" href="http://image4j.sourceforge.net/">
    <title>image4j</title>
    <desc>The image4j library allows you to read and write certain image formats in 100% pure Java.</desc>
  </bookmark>
</xbel>